name,en,as,bn,es,gu,hi,kn,ml,mr,or,pa,ta,te
app_name,Karya,কাৰ্য,কারইয়া,Karya,કાર્ય,कार्या,ಕಾರ್ಯ,കാര്യ,कार्या,କରିଆ,ਕਾਰਿਆ,கார்யா,కార్య
lang_name,English,অসমীয়া,বাংলা,Español,ગુજરાતી,हिंदी,ಕನ್ನಡ,മലയാളം,मराठी,ଓଡ଼ିଆ,ਪੰਜਾਬੀ,தமிழ்,తెలుగు
continue_in_lang,Continue in English,অসমীয়াত অব্যাহত ৰাখক,বাংলায় চালিয়ে যান,Continuar en español,ગુજરાતીમાં ચાલુ રાખો,हिंदी में जारी रखें,ಕನ್ನಡದಲ್ಲಿ ಮುಂದುವರಿಸಿ,മലയാളത്തിൽ തുടരുക,मराठी मध्ये सुरू ठेवा,ଓଡ଼ିଆରେ ଜାରି ରଖନ୍ତୁ,ਪੰਜਾਬੀ ਵਿੱਚ ਜਾਰੀ ਰੱਖੋ,தமிழில் தொடரவும்,తెలుగులో కొనసాగించండి
phone_number,Phone Number,ফোন নম্বৰ,ফোন নম্বর,Número de teléfono,ફોન નંબર,फ़ोन नंबर,ದೂರವಾಣಿ ಸಂಖ್ಯೆ,ഫോൺ നമ്പർ,फोन नंबर,ଫୋନ୍ ନମ୍ବର,ਫੋਨ ਨੰਬਰ,தொலைபேசி எண்,ఫోన్ నెంబర్
msg_input_phone_number,"Karya requires your phone number to create your account. If you are an existing user, use your registered phone number.","আপোনাৰ একাউণ্ট সৃষ্টি কৰিবলৈ কাৰ্য-ক আপোনাৰ ফোন নম্বৰৰ প্ৰয়োজন। যদি আপুনি এগৰাকী উপলব্ধ ব্যৱহাৰকাৰী, তেন্তে আপোনাৰ পঞ্জীয়নভুক্ত ফোন নম্বৰ ব্যৱহাৰ কৰক।",আপনার একাউন্ট তৈরি করতে কারিয়ার আপনার ফোন নম্বর এর প্রয়োজন। আপনি যদি একজন বিদ্যমান ব্যবহারকারী হন তাহলে আপনি আপনার রেজিস্টার করা ফোন নম্বরটি ব্যাবহার করুন।,"Karya requiere su número de teléfono para crear su cuenta. Si ya es usuario, utilice su número de teléfono registrado.",કાર્યમાં તમારો એકાઉન્ટ ખોલવા માટે તમારા ફોન નંબરની જરૂર પડશે જો તમરો એકાઉન્ટ ખોળેલો હોય તો તમારા રજિસ્ટર્ડ ફોન નંબરનો ઉપયોગ કરો.,"कार्या को आपका एकाउंट बनाने के लिए आपके फ़ोन नंबर की आवश्यकता है। यदि आप एक मौजूदा उपयोगकर्ता हैं, तो अपने पंजीकृत फ़ोन नंबर का उपयोग करें।","ನಿಮ್ಮ ಖಾತೆಯನ್ನು ರಚಿಸಲು ಕಾರ್ಯಾಗೆ ನಿಮ್ಮ ದೂರವಾಣಿ ಸಂಖ್ಯೆಯ ಅಗತ್ಯವಿದೆ. ನೀವು ಅಸ್ತಿತ್ವದಲ್ಲಿರುವ ಬಳಕೆದಾರರಾಗಿದ್ದರೆ, ನಿಮ್ಮ ನೋಂದಾಯಿತ ದೂರವಾಣಿ ಸಂಖ್ಯೆಯನ್ನು ಬಳಸಿ.","നിങ്ങളുടെ അക്കൗണ്ട് സൃഷ്ടിക്കാൻ കാര്യയ്ക്ക് നിങ്ങളുടെ ഫോൺ നമ്പർ ആവശ്യമാണ്. നിങ്ങൾ നിലവിലുള്ള ഒരു ഉപയോക്താവാണെങ്കിൽ, നിങ്ങളുടെ രജിസ്റ്റർ ചെയ്ത ഫോൺ നമ്പർ ഉപയോഗിക്കുക.","कार्या ला तुमचे खाते तयार करण्यासाठी तुमचा फोन नंबर आवश्यक आहे..तुम्ही यापुर्वीच युजर असल्यास, तुमचा नोंदणीकृत फोन नंबर वापरा.","କରିଆ' ଆକାଉଣ୍ଟ୍ ତିଆରି କରିବା ପାଇଁ ଆପଣଙ୍କ ଫୋନ୍ ନମ୍ବରର ଆବଶ୍ୟକତା ରହିଛି। ଯଦି ଆପଣ ବିଦ୍ୟମାନ ବ୍ୟବହାରକାରୀ, ତେବେ ରେଜିଷ୍ଟର ହୋଇଥିବା ଫୋନ୍ ନମ୍ବର ବ୍ୟବହାର କରନ୍ତୁ।","ਕਾਰਿਆ ਨੂੰ ਤੁਹਾਡਾ ਖਾਤਾ ਬਣਾਉਣ ਲਈ ਤੁਹਾਡੇ ਫ਼ੋਨ ਨੰਬਰ ਦੀ ਲੋੜ ਹੈ। ਜੇਕਰ ਤੁਸੀਂ ਮੌਜੂਦਾ ਉਪਭੋਗਤਾ ਹੋ, ਤਾਂ ਆਪਣੇ ਰਜਿਸਟਰਡ ਫ਼ੋਨ ਨੰਬਰ ਦੀ ਵਰਤੋਂ ਕਰੋ।","உங்கள் கணக்கை உருவாக்க கார்யாவுக்கு உங்கள் ஃபோன் எண் தேவை. நீங்கள் ஏற்கனவே பயனராக இருந்தால், உங்கள் பதிவு செய்யப்பட்ட தொலைபேசி எண்ணைப் பயன்படுத்தவும்.","మీ ఖాతాను సృష్టించడానికి కార్యాకి మీ ఫోన్ నంబర్ అవసరం. మీరు ఇప్పటికే ఖాతా ఉన్న వినియోగదారులు అయితే, మీ రిజిస్టర్డ్ ఫోన్ నంబర్‌ని ఉపయోగించండి"
otp_title,OTP Verification,OTP পৰীক্ষণ,OTP যাচাইকরণ,Verificación OTP,OTP ચકાસણી,OTP वेरिफिकेशन,OTP ಪರಿಶೀಲನೆ,OTP പരിശോധന,OTP पडताळणी,OTP ଭେରିଫିକେସନ,OTP ਪੁਸ਼ਟੀਕਰਨ,OTP சரிபார்ப்பு,OTP ధృవీకరణ
msg_input_otp,Enter the %s digit OTP sent to %s,%s লৈ পঠোৱা 6-অংকৰ OTP প্ৰবিষ্ট কৰক,%s এ পাঠানো ৬ সংখ্যার OTP টি লিখুন।,Ingrese el OTP de %s dígitos mandado a %s,6 આંકડાનો %s પર મોકલેલ OTP એન્ટર કરો.,%s को भेजा गया 6 अंकों का OTP दर्ज करें,6-ಅಂಕಿಯ OTP %s ನಮೂದಿಸಿ,%s-ലേക്ക് അയച്ച 6 അക്ക OTP നൽകുക,%s ला पाठवलेला 6-अंकी OTP एंटर करा,%s କୁ ପଠାଯାଇଥିବା ୬ ଅଙ୍କ ବିଶିଷ୍ଟ OTP କୁ ଦାଖଲ କରନ୍ତୁ,%s ਨੂੰ ਭੇਜਿਆ ਗਿਆ 6-ਅੰਕ ਦਾ OTP ਦਾਖਲ ਕਰੋ,%s -க்கு அனுப்பப்பட்ட 6 இலக்க OTP -ஐ உள்ளிடவும்,%s కు పంపబడిన 6-అంకెల OTPని నమోదు చేయండి
otp,OTP,OTP,ওটিপি,OTP,OTP,OTP,OTP,OTP,OTP,OTP,OTP,OTP,OTP
msg_otp_not_received,Did not receive OTP,OTP পোৱা নাই,ওটিপি পাওয়া যায়নি।,No recibí OTP,OTP મળેલ નથી,OTP नहीं मिला,OTP ಸ್ವೀಕರಿಸಲಿಲ್ಲ,OTP ലഭിച്ചില്ല,OTP प्राप्त झाला नाही,OTP ମିଳିଲା ନାହିଁ,OTP ਪ੍ਰਾਪਤ ਨਹੀਂ ਹੋਇਆ,OTP பெறவில்லை,OTP అందలేదు
unable_to_generate_otp,We could not generate an OTP for this phone number. Please check the number or try again later.,এই ফোন নম্বৰৰ বাবে আমি OTP সৃষ্টি কৰিব পৰা নাছিলো। অনুগ্ৰহ কৰি নম্বৰটো পৰীক্ষা কৰক বা পিছত পুনৰ চেষ্টা কৰক।,আমরা এই ফোন নাম্বার এর জন্য কোনো OTP তৈরি করতে পারছি না। অনুগ্রহ করে নাম্বারটি যাচাই করুন অথবা পরে আবার চেষ্টা করুন।,No pudimos generar una OTP para este número de teléfono. Por favor verifique el número o vuelva a intentarlo más tarde.,અમે આ ફોન નંબર પર OTP જનરેટ કરી શકતા નથી મહેરબાની કરી તમારો નંબર ચકાસો અથવા ફરીથી પ્રયત્ન કરો,हम इस फ़ोन नंबर के लिए OTP जनरेट नहीं कर सके। कृपया नंबर जांचें या बाद में पुनः प्रयास करें।,ಈ ದೂರವಾಣಿ ಸಂಖ್ಯೆಗೆ OTP ಅನ್ನು ರಚಿಸಲು ನಮಗೆ ಸಾಧ್ಯವಾಗಲಿಲ್ಲ. ದಯವಿಟ್ಟು ಸಂಖ್ಯೆಯನ್ನು ಪರಿಶೀಲಿಸಿ ಅಥವಾ ನಂತರ ಮತ್ತೆ ಪ್ರಯತ್ನಿಸಿ.,ഈ ഫോൺ നമ്പറിനു വേണ്ടി OTP സൃഷ്ടിക്കാൻ ഞങ്ങൾക്ക് കഴിഞ്ഞില്ല. നമ്പർ പരിശോധിക്കുക അല്ലെങ്കിൽ പിന്നീട് വീണ്ടും ശ്രമിക്കുക.,आम्ही या फोन नंबरसाठी OTP जनरेट करू शकलो नाही. कृपया नंबर तपासा किंवा नंतर पुन्हा प्रयत्न करा.,ଏହି ଫୋନ୍ ନମ୍ବର ପାଇଁ ଆମେ OTP ସୃଷ୍ଟି କରିପାରିଲୁ ନାହିଁ। ଦୟାକରି ନମ୍ବରକୁ ଯାଞ୍ଚ କରନ୍ତୁ କିମ୍ବା ପରେ ପୁନର୍ବାର ଚେଷ୍ଟା କରନ୍ତୁ।,ਅਸੀਂ ਇਸ ਫੋਨ ਨੰਬਰ ਲਈ OTP ਨਹੀਂ ਬਣਾ ਸਕੇ। ਕਿਰਪਾ ਕਰਕੇ ਨੰਬਰ ਦੀ ਜਾਂਚ ਕਰੋ ਜਾਂ ਬਾਅਦ ਵਿੱਚ ਦੁਬਾਰਾ ਕੋਸ਼ਿਸ਼ ਕਰੋ।,இந்த தொலைபேசி எண்ணுக்கு OTP ஐ உருவாக்க முடியவில்லை.எண்ணை சரிபார்க்கவும் அல்லது பின்னர் மீண்டும் முயற்சிக்கவும்.,మేము ఈ ఫోన్ నంబర్ కు OTP ని పంపించలేకపోయాము. దయచేసి నంబర్‌ని తనిఖీ చేయండి లేదా తర్వాత మళ్ళీ ప్రయత్నించండి.
change_phone_number,Change phone number,ফোন নম্বৰ সলনি কৰক,ফোন নাম্বার বদলান।,Cambiar el número de teléfono,ફોન નંબર બદલો,फ़ोन नंबर बदलें,ದೂರವಾಣಿ ಸಂಖ್ಯೆಯನ್ನು ಬದಲಾಯಿಸಿ,ഫോൺ നമ്പർ മാറ്റുക,फोन नंबर बदला,ଫୋନ୍ ନମ୍ବର ବଦଳାନ୍ତୁ,ਫੋੋਨ ਨੰਬਰ ਬਦਲੋ,தொலைபேசி எண்ணை மாற்றவும்,ఫోన్ నంబర్ మార్చండి
continue_,Continue,অব্যাহত ৰাখক,ক্রমাগত,Continuar,ચાલુ રાખો,जारी रखें,ಮುಂದುವರಿಸಿ,തുടരുക,सुरु ठेवा,ଜାରି ରଖିବା,ਜਾਰੀ ਰੱਖੋ,தொடரவும்,కొనసాగించండి
found_users,You have previously registered using this phone number.,আপুনি পূৰ্বে এই ফোন নম্বৰ ব্যৱহাৰ কৰি পঞ্জীয়ন কৰিছে।,পূর্বে আপনি এই ফোন নাম্বার দ্বারা রেজিস্টার করেছেন,Usted se ha registrado previamente utilizando este número de teléfono.,તમે પહેલા આ રજીસ્ટર ફોન નંબરનો ઉપયોગ કરેલ છે,आपने पहले इस फ़ोन नंबर का उपयोग करके पंजीकरण कराया था।,ಈ ಫೋನ್ ಸಂಖ್ಯೆಯನ್ನು ಬಳಸಿಕೊಂಡು ನೀವು ಈ ಹಿಂದೆ ನೋಂದಾಯಿಸಿರುವಿರಿ.,ഈ ഫോൺ നമ്പർ ഉപയോഗിച്ചാണ് നിങ്ങൾ മുമ്പ് രജിസ്റ്റർ ചെയ്തത്.,तुम्ही या फोन नंबरचा वापर करून यापूर्वी नोंदणी केली आहे.,ଆପଣ ପୂର୍ବରୁ ଏହି ଫୋନ ନମ୍ବରକୁ ବ୍ୟବହାର କରି ପଞ୍ଜିକରଣ କରିଛନ୍ତି।,ਤੁਸੀਂ ਪਹਿਲਾਂ ਇਸ ਫੋਨ ਨੰਬਰ ਦੀ ਵਰਤੋਂ ਕਰਕੇ ਰਜਿਸਟਰ ਕੀਤਾ ਹੈ।,இந்த தொலைபேசி எண்ணைப் பயன்படுத்தி நீங்கள் முன்பே பதிவு செய்துள்ளீர்கள்.,మీరు ఇంతకుముందే ఈ ఫోన్ నంబర్‌ని ఉపయోగించి నమోదు చేసుకున్నారు.
select_user,Select a user to continue.,অব্যাহত ৰাখিবলৈ এগৰাকী ব্যৱহাৰকাৰী বাছনি কৰক।,চালিয়ে যাওয়ার জন্যে একটি ব্যাবহারকারিকে নির্বাচন করুন।,Seleccione una usuario para continuar,ચાલુ રાખવા માટે યુસરને પસંદ કરો,जारी रखने के लिए एक यूज़र चुनें।,ಮುಂದುವರೆಯಲು ಬಳಕೆದಾರರನ್ನು ಆಯ್ಕೆಮಾಡಿ.,തുടരാൻ വേണ്ടി ഒരു ഉപയോക്താവിനെ തിരഞ്ഞെടുക്കുക.,सुरू ठेवण्यासाठी युजर निवडा.,ଆଗକୁ ବଢ଼ିବା ପାଇଁ ବ୍ୟବହାରକାରୀ ବାଛନ୍ତୁ।,ਜਾਰੀ ਰੱਖਣ ਲਈ ਉਪਭੋਗਤਾ ਦੀ ਚੋਣ ਕਰੋ।,தொடர ஒரு பயனரைத் தேர்ந்தெடுக்கவும்.,కొనసాగించడానికి వినియోగదారుని ఎంచుకోండి.
consent_title,Terms & Conditions,চৰ্ত আৰু নিয়মসমূহ,শর্তাবলী,Términos y condiciones,શરતો અને નિયમોને આધીન,नियम एवं शर्तें,ನಿಯಮ ಮತ್ತು ಶರತ್ತುಗಳು,ഉപാധികളും നിബന്ധനകളും,अटी व शर्ती,ସର୍ତ୍ତାବଳୀ ଓ ନିୟମାବଳୀ,ਨਿਯਮ ਅਤੇ ਸ਼ਰਤਾਂ,விதிமுறைகளும் நிபந்தனைகளும்,నిబంధనలు మరియు షరతులు
accept,Accept,গ্ৰহণ কৰক,গ্রহণ করুন,Aceptar,સ્વીકારો,स्वीकार करें,ಒಪ್ಪಿಕೊಳ್ಳಿ,സ്വീകരിക്കുക,स्वीकारा करा,ଗ୍ରହଣ କରିବା,ਸਵੀਕਾਰ ਕਰੋ,ஏற்றுக்கொள்,అంగీకరించు
reject,Reject,নাকচ কৰক,বাতিল করুন,Rechazar,અસ્વીકાર,अस्वीकार करें,ತಿರಸ್ಕರಿಸಿ,നിരസിക്കുക,नकार द्या,ପ୍ରତ୍ୟାଖ୍ୟାନ କରିବା,ਅਸਵੀਕਾਰ ਕਰੋ,நிராகரிக்கவும்,తిరస్కరించు
profile,Profile,প্ৰফাইল,প্রোফাইল,Perfil,પ્રોફાઇલ,प्रोफ़ाइल,ಪ್ರೊಫೈಲ್,പ്രൊഫൈൽ,प्रोफाइल,ପାର୍ଶ୍ବଚିତ୍ର,ਪ੍ਰੋਫਾਈਲ,சுயவிவரம்,ప్రొఫైల్
assistant_profile_msg,"To continue using the Karya App, please complete your user profile by answering these questions.",কাৰ্য এপ ব্যৱহাৰ কৰা অব্যাহত ৰাখিবলৈ এই প্ৰশ্নকেইটাৰ উত্তৰ দি আপোনাৰ ব্যৱহাৰকাৰীৰ প্ৰফাইল সম্পূৰ্ণ কৰক।,"Karya অ্যাপ ব্যবহার চালিয়ে যেতে, এই প্রশ্নের উত্তর দিয়ে আপনার ব্যবহারকারী প্রোফাইল সম্পূর্ণ করুন।","Para continuar usando la aplicación Karya, complete su perfil de usuario respondiendo estas preguntas.",કાર્ય એપનો ઉપયોગ ચાલુ રાખવા માટે તમારી યુઝર પ્રોફાઇલ ને પૂછેલા પ્રશ્નોના જવાબો આપી પૂર્ણ કરો,"कार्य ऐप का उपयोग जारी रखने के लिए, कृपया इन सवालों के जवाब देकर अपना यूज़र प्रोफ़ाइल पूरा करें।","ಕಾರ್ಯ ಅಪ್ಲಿಕೇಶನ್ ಬಳಸುವುದನ್ನು ಮುಂದುವರಿಸಲು, ದಯವಿಟ್ಟು ಈ ಪ್ರಶ್ನೆಗಳಿಗೆ ಉತ್ತರಿಸುವ ಮೂಲಕ ನಿಮ್ಮ ಬಳಕೆದಾರರ ಪ್ರೊಫೈಲ್ ಅನ್ನು ಪೂರ್ಣಗೊಳಿಸಿ","കാര്യ ആപ്പ് ഉപയോഗിക്കുന്നത് തുടരാൻ, ഈ ചോദ്യങ്ങൾക്ക് ഉത്തരം നൽകി നിങ്ങളുടെ ഉപയോക്തൃ പ്രൊഫൈൽ പൂർത്തിയാക്കുക.","कार्या अॅप वापरणे सुरू ठेवण्यासाठी, कृपया या प्रश्नांची उत्तरे देऊन तुमचे युजर प्रोफाइल पूर्ण करा.","କରିଆ' ଆପ୍ ବ୍ୟବହାର ଜାରି ରଖିବା ପାଇଁ, ଦୟାକରି ଏହି ପ୍ରଶ୍ନଗୁଡ଼ିକର ଉତ୍ତର ଦେଇ ଆପଣଙ୍କର ବ୍ୟବହାରକାରୀ ରୁପରେଖାକୁ ସମ୍ପୂର୍ଣ୍ଣ କରନ୍ତୁ।","ਕਾਰਿਆ ਐਪ ਦੀ ਵਰਤੋਂ ਜਾਰੀ ਰੱਖਣ ਲਈ, ਕਿਰਪਾ ਕਰਕੇ ਇਨ੍ਹਾਂ ਸਵਾਲਾਂ ਦੇ ਜਵਾਬ ਦੇ ਕੇ ਆਪਣੀ ਉਪਭੋਗਤਾ ਪ੍ਰੋਫਾਈਲ ਨੂੰ ਪੂਰਾ ਕਰੋ।","Karya App ஐத் தொடர்ந்து பயன்படுத்த, உங்கள் பயனர் சுயவிவர பட்டியலில் கேட்கப்பட்டுள்ள கேள்விகளுக்கு பதில் அளிக்கவும்.","కార్య యాప్‌ని ఉపయోగించడం కొనసాగించడానికి, దయచేసి ఈ ప్రశ్నలకు సమాధానం ఇవ్వడం ద్వారా మీ వినియోగదారుల ప్రొఫైల్‌ను పూర్తి చేయండి."
name_prompt,What is your name?,আপোনাৰ নাম কি?,আপনার নাম কী?,¿Cuál es su nombre?,આપનું નામ શું છે?,आपका नाम क्या है?,ನಿನ್ನ ಹೆಸರೇನು?,നിങ്ങളുടെ പേര് എന്താണ്?,तुमचे नाव काय आहे?,ତୁମର ନାଁ କ'ଣ?,ਤੁੁਹਾਡਾ ਨਾਮ ਕੀ ਹੈ?,உங்கள் பெயர் என்ன?,మీ పేరు ఏమిటి
blank_name,Name cannot be blank,নাম খালী থাকিব নোৱাৰে,নাম ফাঁকা রাখা যাবে না।,El nombre no puede estar en blanco,નામની જગ્યા ખાલી ના હોવી જોઈએ,नाम खाली नहीं हो सकता,ಹೆಸರು ಖಾಲಿ ಇರುವಂತಿಲ್ಲ,പേര് ശൂന്യമായി വിടാൻ കഴിയില്ല,नाव रिक्त असू शकत नाही,"ନାଁ, ଖାଲି ରହିପାରିବ ନାହିଁ",ਨਾਮ ਖਾਲੀ ਨਹੀਂ ਹੋ ਸਕਦਾ,பெயர் காலியாக இருத்தல் கூடாது,పేరు ఖాళీగా ఉండకూడదు
age_prompt,What is your year of birth?,আপোনাৰ জন্মবৰ্ষ কোনটো?,আপনার জন্ম সাল কত?,¿Cuál es su año de nacimiento?,આપના જન્મનું વર્ષ કયું છે?,आपका जन्म का वर्ष क्या है?,ನಿಮ್ಮ ಜನ್ಮ ವರ್ಷ ಯಾವುದು?,നിങ്ങളുടെ ജനന വർഷം എന്താണ്?,तुमचे जन्म वर्ष काय आहे?,ଆପଣଙ୍କ ଜନ୍ମ ବର୍ଷ କେତେ?,ਤੁਹਾਡਾ ਜਨਮ ਸਾਲ ਕੀ ਹੈ?,நீங்கள் பிறந்த வருடம்?,మీరు పుట్టిన సంవత్సరం ఏమిటి?
invalid_yob,Invalid year of birth,অমান্য জন্মৰ বছৰ,ভুল জন্ম সাল,Año de nacimiento inválido,જન્મનું વર્ષ અમાન્ય છે,जन्म का वर्ष गलत है,ಅಮಾನ್ಯವಾದ ಜನ್ಮ ವರ್ಷ,ജനന വർഷം അസാധുവാണ്,अवैध जन्म वर्ष,ଅବୈଧ ଜନ୍ମ ବର୍ଷ,ਜਨਮ ਦਾ ਸਾਲ ਅਵੈਧ ਹੈ,வருடம் செல்லாது,పుట్టిన సంవత్సరం చెల్లదు
gender_prompt,What is your gender?,আপোনাৰ লিংগ কি?,আপনার লিঙ্গ কী?,¿Cuál es su género?,આપની જાતિ કઈ છે?,आपका लिंग क्या है?,ನಿಮ್ಮ ಲಿಂಗ ಯಾವುದು?,നിങ്ങളുടെ ലിംഗഭേദം എന്താണ്?,तुमचे लिंग काय आहे?,ତୁମର ଲିଙ୍ଗ କ'ଣ?,ਤੁਹਾਡਾ ਲਿੰਗ ਕੀ ਹੈ?,உங்கள் பாலினம்?,మీ లింగం ఏమిటి?
pincode_prompt,What is the pincode of the district where you live?,আপুনি থকা জিলাখনৰ পিনকোড কি?,আপনি যে জেলায় থাকেন তার পিনকোড কী?,¿Cuál es el código PIN del distrito donde vive?,આપ જ્યાં રહો છો તે શહેરનો પિન કોડ કયો છે?,आप जहां रहते हैं उस जिले का पिन कोड क्या है?,ನೀವು ವಾಸಿಸುವ ಜಿಲ್ಲೆಯ ಪಿನ್‌ಕೋಡ್ ಯಾವುದು?,നിങ്ങൾ താമസിക്കുന്ന ജില്ലയുടെ പിൻകോഡ് എന്താണ്?,तुम्ही राहता त्या जिल्ह्याचा पिनकोड काय आहे?,ଆପଣ ରହୁଥିବା ଜିଲ୍ଲାର ପିନକୋଡ କ'ଣ?,ਤੁਸੀਂ ਜਿੱਥੇ ਰਹਿੰਦੇ ਹੋ ਉਸ ਜ਼ਿਲ੍ਹੇ ਦਾ ਪਿੰਨ ਕੋਡ ਕੀ ਹੈ?,நீங்கள் வசிக்கும் மாவட்டத்தின் அஞ்சல் குறியீடு என்ன?,మీరు నివసించే జిల్లా యొక్క పిన్ కోడ్ ఏమిటి?
native_language_prompt,What is the language that you are most comfortable in speaking?,কোনটো ভাষাত আপুনি আটাইতকৈ সহজে কথা ক’ব পাৰে?,আপনি কোন ভাষায় কথা বলতে সবথেকে বেশি স্বাচ্ছন্দ্যবোধ করেন?,¿Cuál es el idioma con el que se siente más cómodo hablando?,તમને કઈ ભાષામાં વાત કરવી સરળ રહેશે?,वह कौन सी भाषा है जिसे बोलने में आप सबसे अधिक सहज महसूस करते हैं?,ನೀವು ಮಾತನಾಡಲು ಹೆಚ್ಚು ಆರಾಮದಾಯಕವಾದ ಭಾಷೆ ಯಾವುದು?,നിങ്ങൾക്ക് സംസാരിക്കാൻ ഏറ്റവും സൗകര്യപ്രദമായ ഭാഷ ഏതാണ്?,तुम्हाला कोणती भाषा बोलण्यात सर्वात सोयीस्कर आहे?,କେଉଁ ଭାଷା କହିବାକୁ ଆପଣ ସବୁଠାରୁ ସହଜ ମନେ କରନ୍ତି?,ਉਹ ਕਿਹੜੀ ਭਾਸ਼ਾ ਹੈ ਜਿਸਨੂੰ ਤੁਸੀਂ ਬੋਲਣ ਵਿੱਚ ਸਭ ਤੋਂ ਵੱਧ ਆਸਾਨੀ ਮਹਿਸੂਸ ਕਰਦੇ ਹੋ?,நீங்கள் பேசுவதற்கு மிகவும் இலகுவாக இருக்கும் மொழி எது?,మీరు ఏ బాషలో అత్యంత సౌకర్యవంతంగా మాట్లాడగలరు?
sync_message,Communicating with Server,চাৰ্ভাৰৰ সৈতে যোগাযোগ চলি আছে,সার্ভারের সাথে যোগাযোগ করুন,Comunicándose con el servidor,સર્વર સાથે વાર્તાલાપ કરો,सर्वर के साथ सॉम्पर्क जारी है,ಸರ್ವರ್ ಜೊತೆ ಸಂವಹನ,സെർവറുമായി ആശയവിനിമയം നടത്തുന്നു,सर्व्हरशी संवाद साधत आहे,ସର୍ଭର ସହିତ ଯୋଗାୟୋଗ କରୁଅଛି,ਸਰਵਰ ਨਾਲ ਸੰਚਾਰ,சேவையகத்துடன் தொடர்பு கொள்ளுதல்,సర్వర్ తో సంప్రదింపులు చేస్తోంది
project_code,Project Code,প্ৰজেক্ট ক'ড,প্রজেক্ট কোড,Código de proyecto,પ્રોજેક્ટ કોડ,प्रोजेक्ट कोड,ಯೋಜನೆಯ ಸಂಖ್ಯೆ,പ്രോജക്റ്റ് കോഡ്,प्रोजेक्ट कोड,ପ୍ରକଳ୍ପ ସଙ୍କେତ,ਪ੍ਰਾਜੈਕਟ ਕੋਡ,திட்டக் குறியீடு,ప్రాజెక్ట్ కోడ్
enter_project_code,Enter Project Code,প্ৰজেক্ট ক'ড প্ৰবিষ্ট কৰক,প্রজেক্ট কোড লিখুন,Ingrese el código del proyecto,પ્રોજેક્ટ કોડ દાખલ કરો,प्रोजेक्ट कोड दर्ज करें,ಯೋಜನೆಯ ಸಂಖ್ಯೆ ನಮೂದಿಸಿ,പ്രോജക്റ്റ് കോഡ് നൽകുക,प्रोजेक्ट कोड एंटर करा,ପ୍ରକଳ୍ପ ସଙ୍କେତ ଭରଣ କରନ୍ତୁ,ਪ੍ਰਾਜੈਕਟ ਕੋਡ ਦਾਖਲ ਕਰੋ,திட்டக் குறியீட்டை உள்ளிடவும்,ప్రాజెక్ట్ కోడ్‌ని నమోదు చేయండి
assistant_project_code_msg,Please enter the project code sent to you by the Karya coordinator,অনুগ্ৰহ কৰি কৰ্ম সমন্বয়কে আপোনাক প্ৰেৰণ কৰা প্ৰজেক্ট ক'ডটো প্ৰবিষ্ট কৰক,Karya সমন্বয়কারী দ্বারা প্রেরিত প্রকল্প কোড টি দয়া করে লিখুন,Por favor ingrese el código del proyecto que le envió el coordinador de Karya.,કાર્યના કો ઓર્ડિનેટરે તમને મોકલેલ પ્રોજેક્ટ કોડને એન્ટર કરો,कृपया कार्या सहायक द्वारा आपको भेजा गया प्रोजेक्ट कोड दर्ज करें,ಕಾರ್ಯ ಸಂಯೋಜಕರು ನಿಮಗೆ ಕಳುಹಿಸಿದ ಪ್ರಾಜೆಕ್ಟ್ ಕೋಡ್ ಅನ್ನು ನಮೂದಿಸಿ,കാര്യ കോർഡിനേറ്റർ നിങ്ങൾക്ക് അയച്ച പ്രോജക്റ്റ് കോഡ് നൽകുക,कृपया कार्य समन्वयकाने तुम्हाला पाठवलेला प्रोजेक्ट कोड प्रविष्ट करा,ଦୟାକରି କାର୍ୟ୍ୟ ସଂୟୋଜକଙ୍କ ଦ୍ୱାରା ଆପଣଙ୍କ ନିକଟକୁ ପଠାୟାଇଥିବା ପ୍ରକଳ୍ପ କୋଡକୁ ଭରଣ କରନ୍ତୁ,ਕਾਰਿਆ ਕੋਆਰਡੀਨੇਟਰ ਦੁਆਰਾ ਤੁਹਾਨੂੰ ਭੇਜਿਆ ਗਿਆ ਪ੍ਰਾਜੈਕਟ ਕੋਡ ਕਿਰਪਾ ਕਰਕੇ ਦਾਖਲ ਕਰੋ,காரியா ஒருங்கிணைப்பாளரால் உங்களுக்கு அனுப்பப்பட்ட திட்டக் குறியீட்டை உள்ளிடவும்,దయచేసి కార్య సమన్వయకర్త మీకు పంపిన ప్రాజెక్ట్ కోడ్‌ని నమోదు చేయండి
consent,Terms & Conditions,চৰ্ত আৰু নিয়মসমূহ,শর্তাবলী,Términos y condiciones,શરતો અને નિયમોને આધીન,नियम एवं शर्तें,ನಿಯಮ ಮತ್ತು ಶರತ್ತುಗಳು,ഉപാധികളും നിബന്ധനകളും,अटी व शर्ती,ସର୍ତ୍ତାବଳୀ ଓ ନିୟମାବଳୀ,ਨਿਯਮ ਅਤੇ ਸ਼ਰਤਾਂ,விதிமுறைகளும் நிபந்தனைகளும்,నిబంధనలు మరియు షరతులు
login,Login,লগইন কৰক,প্রবেশ করুন,Acceso,લોગ ઇન (દાખલ થાઓ),लॉग इन करें,ಒಳನಡೆ,ലോഗിൻ,लॉगिन करा,ଲଗ୍ଇନ୍,ਲਾੱਗ ਇੰਨ,உள்நுழைவு,లాగిన్
login_title,Login,লগইন কৰক,প্রবেশ করুন,Acceso,લોગ ઇન (દાખલ થાઓ),लॉग इन करें,ಒಳನಡೆ,ലോഗിൻ,लॉगिन करा,ଲଗ୍ଇନ୍,ਲਾੱਗ ਇੰਨ,உள்நுழைவு,లాగిన్
permissions_title,Permission required!,অনুমতিৰ প্ৰয়োজন!,অনুমতি প্রয়োজন!,¡Se requiere permiso!,પરવાનગી જરૂરી,अनुमति अनिवार्य है,ಅನುಮತಿ ಅಗತ್ಯವಿದೆ!,അനുമതി ആവശ്യമാണ്!,परवानगी आवश्यक!,ଅନୁମତି ଦରକାର!,ਇਜ਼ਾਜ਼ਤ ਦੀ ਲੋੜ ਹੈ!,அனுமதி தேவை!,అనుమతి అవసరం
permissions_text,Camera and Microphone permissions are required to perform tasks,কামবোৰ কৰিবলৈ কেমেৰা আৰু মাইক্ৰ’ফোনৰ অনুমতিৰ প্ৰয়োজন,কাজগুলি করতে ক্যামেরা এবং মাইক্রোফোনের অনুমতি প্রয়োজন৷,Se requieren permisos de cámara y micrófono para realizar tareas,કેમેરા તથા માઇક્રોફોનની પરવાનગી કામને પરફોર્મ કરવા માટે જરૂરી,कार्य करने के लिए कैमरा और माइक्रोफ़ोन की अनुमति अनिवार्य है,ಕಾರ್ಯಗಳನ್ನು ನಿರ್ವಹಿಸಲು ಕ್ಯಾಮರಾ ಮತ್ತು ಮೈಕ್ರೊಫೋನ್ ಅನುಮತಿಗಳ ಅಗತ್ಯವಿದೆ,"ടാസ്‌ക്കുകൾ നിർവഹിക്കുന്നതിന് ക്യാമറ, മൈക്രോഫോൺ അനുമതികൾ ആവശ്യമാണ്",टास्क करण्यासाठी कॅमेरा आणि मायक्रोफोन परवानग्या आवश्यक आहेत,କାର୍ୟ୍ୟ ସମ୍ପାଦନ କରିବା ପାଇଁ କ୍ୟାମେରା ଏବଂ ମାଇକ୍ରୋଫୋନ୍ ଅନୁମତି ଆବଶ୍ୟକ ହୋଇଥାଏ,ਕੰਮ ਕਰਨ ਲਈ ਕੈਮਰਾ ਅਤੇ ਮਾਈਕ੍ਰੋਫੋਨ ਅਨੁਮਤੀਆਂ ਦੀ ਲੋੜ ਹੈ,பணிகளைச் செய்ய கேமரா மற்றும் மைக்ரோஃபோன் பயன்பாட்டு அனுமதி தேவை,విధులను నిర్వహించడానికి కెమెరా మరియు మైక్రోఫోన్ అనుమతులు అవసరం
permissions_text_after_deny,"You have permanently denied the Camera and Microphone permissions. These permissions are required to perform tasks, please go to app settings and allow","আপুনি কেমেৰা আৰু মাইক্ৰ'ফোনৰ অনুমতি স্থায়ীভাৱে বাতিল কৰিছে। এই অনুমতিসমূহ কাৰ্য সমূহ সম্পন্ন কৰিবলৈ প্ৰয়োজনীয়, অনুগ্ৰহ কৰি এপ ছেটিংছলৈ যাওক আৰু অনুমতি দিয়ক","আপনি স্থায়ীভাবে ক্যামেরা এবং মাইক্রোফোন এর অনুমতি অস্বীকার করেছেন৷ কাজগুলি করার জন্য এই অনুমতিগুলির প্রয়োজন, অনুগ্রহ করে অ্যাপ সেটিংসে যান এবং অনুমতি দিন৷",Ha negado permanentemente los permisos de cámara y micrófono. Estos permisos son necesarios para realizar tareas; vaya a la configuración de sus aplicaciones y permita,"તમે કાયમ માટે કૅમેરા અને માઇક્રોફોનની પરવાનગીનો ઇનકાર કર્યો છે. કાર્યો કરવા માટે આ પરવાનગીઓ જરૂરી છે, કૃપા કરીને ઍપ સેટિંગ્સમાં જાઓ અને મંજૂરી આપો","आपने कैमरा और माइक्रोफ़ोन अनुमतियों को स्थायी रूप से अस्वीकार कर दिया है। कार्य को करने के लिए इन अनुमतियों की आवश्यकता होती है, कृपया ऐप सेटिंग में जाएं और अनुमति दें","ನೀವು ಕ್ಯಾಮರಾ ಮತ್ತು ಮೈಕ್ರೊಫೋನ್ ಅನುಮತಿಗಳನ್ನು ಶಾಶ್ವತವಾಗಿ ನಿರಾಕರಿಸಿರುವಿರಿ. ಕಾರ್ಯಗಳನ್ನು ನಿರ್ವಹಿಸಲು ಈ ಅನುಮತಿಗಳು ಅಗತ್ಯವಿದೆ, ದಯವಿಟ್ಟು ಅಪ್ಲಿಕೇಶನ್ ಸೆಟ್ಟಿಂಗ್‌ಗಳಿಗೆ ಹೋಗಿ ಮತ್ತು ಅನುಮತಿಸಿ","നിങ്ങൾ ക്യാമറ, മൈക്രോഫോൺ അനുമതികൾ ശാശ്വതമായി നിരസിച്ചു. ടാസ്‌ക്കുകൾ നിർവഹിക്കുന്നതിന് ഈ അനുമതികൾ ആവശ്യമാണ്, ദയവായി ആപ്പ് ക്രമീകരണത്തിലേക്ക് പോയി അനുമതി നൽകുക","तुम्ही कॅमेरा आणि मायक्रोफोन परवानग्या कायमच्या नाकारल्या आहेत. टास्क करण्यासाठी या परवानग्या आवश्यक आहेत, कृपया अॅप सेटिंग्जवर जा आणि परवानगी द्या","ଆପଣ କ୍ୟାମେରା ଏବଂ ମାଇକ୍ରୋଫୋନ ଅନୁମତିକୁ ସ୍ଥାୟୀ ଭାବରେ ଅଗ୍ରାହ୍ୟ କରିଛନ୍ତି। କାର୍ୟ୍ୟଗୁଡ଼ିକୁ ସମ୍ପାଦନ କରିବା ପାଇଁ ଏହି ଅନୁମତିଗୁଡ଼ିକ ଆବଶ୍ୟକ, ଦୟାକରି ଆପ୍ ସେଟିଙ୍ଗକୁ ଯାଆନ୍ତୁ ଏବଂ ଅନୁମତି ଦିଅନ୍ତୁ","ਤੁਸੀਂ ਕੈਮਰਾ ਅਤੇ ਮਾਈਕ੍ਰੋਫੋਨ ਅਨੁਮਤੀਆਂ ਨੂੰ ਪੱਕੇ ਤੌਰ ਤੇ ਅਸਵੀਕਾਰ ਕੀਤਾ ਹੈ। ਇਹ ਅਨੁਮਤੀਆਂ ਕਾਰਜਾਂ ਨੂੰ ਕਰਨ ਲਈ ਲੋੜੀਦੀਆਂ ਹਨ, ਕਿਰਪਾ ਕਰਕੇ ਐਪ ਸੈਟਿੰਗਾਂ ਤੇ ਜਾਓ ਅਤੇ ਇਜਾਜ਼ਤ ਦਿਓ।","கேமரா மற்றும் மைக்ரோஃபோன் அனுமதிகளை நீங்கள் நிரந்தரமாக மறுத்துள்ளீர்கள். பணிகளைச் செய்ய இந்த அனுமதிகள் தேவை, தயவுசெய்து பயன்பாட்டு அமைப்புகளுக்குச் சென்று அனுமதிக்கவும்","మీరు కెమెరా మరియు మైక్రోఫోన్ అనుమతులను శాశ్వతంగా తిరస్కరించారు. విధులను నిర్వహించడానికి ఈ అనుమతులు అవసరం, దయచేసి యాప్ సెట్టింగ్‌లకు వెళ్ళి అనుమతించండి."
unknown_error,Some unknown error occurred. Please contact your coordinator.,কোনো অজ্ঞাত ত্ৰুটিৰ বাবে এই কাৰ্য্য সম্পূৰ্ণ কৰিব পৰা নগ'ল। অনুগ্ৰহ কৰি আপোনাৰ সমন্বয়কৰ সৈতে যোগাযোগ কৰক।,কিছু অজানা ত্রুটি ঘটেছে. আপনার সমন্বয়কারীর সাথে যোগাযোগ করুন.,Se produjo un error desconocido. Por favor contacte a su coordinador.,કોઇ અજાણી ભૂલ ઉદ્ભવી. કૃપા કરીને તમારા સંયોજકનો સંપર્ક કરો.,किसी अज्ञात एरर की वज़ह से ये कार्य पूरा नी हो पा रहा है। कृपया अपने सहायक से संपर्क करें।,ಕೆಲವು ಅಜ್ಞಾತ ದೋಷ ಸಂಭವಿಸಿದೆ. ದಯವಿಟ್ಟು ನಿಮ್ಮ ಸಂಯೋಜಕರನ್ನು ಸಂಪರ್ಕಿಸಿ.,ചില അജ്ഞാത പിശക് സംഭവിച്ചു. ദയവായി നിങ്ങളുടെ കോർഡിനേറ്ററെ ബന്ധപ്പെടുക.,काही अज्ञात त्रुटी आली आहे. कृपया तुमच्या समन्वयकाशी संपर्क साधा.,କିଛି ଅଜଣା ତ୍ରୁଟି ଦେଖାଦେଇଛି। ଦୟାକରି ଆପଣଙ୍କ ସଂୟୋଜକଙ୍କ ସହିତ ଯୋଗାୟୋଗ କରନ୍ତୁ।,ਕੋਈ ਅਗਿਆਤ ਤਰੁੱਟੀ ਆਈ ਹੈ। ਕਿਰਪਾ ਕਰਕੇ ਆਪਣੇ ਕੋਆਰਡੀਨੇਟਰ ਨਾਲ ਸੰਪਰਕ ਕਰੋ।,சில அறியப்படாத பிழை ஏற்பட்டது. உங்கள் ஒருங்கிணைப்பாளரை தொடர்பு கொள்ளவும்.,తెలియని లోపం సంభవించింది. దయచేసి మీ సమన్వయకర్తను సంప్రదించండి.
invalid_access_code,The project code you have entered is not valid. Please contact your coordinator.,আপুনি দিয়া প্ৰজেক্ট ক'ডটো মান্য নহয়। অনুগ্ৰহ কৰি আপোনাৰ সমন্বয়কৰ সৈতে যোগাযোগ কৰক।,আপনি যে প্রজেক্ট কোডটি লিখেছেন সেটি বৈধ নয়। আপনার সমন্বয়কারীর সাথে যোগাযোগ করুন,El código de proyecto que ha introducido no es válido. Por favor contacte a su coordinador.,તમે દાખલ કરેલ પ્રોજેક્ટ કોડ માન્ય નથી. કૃપા કરીને તમારા સંયોજકનો સંપર્ક કરો.,आपके द्वारा दर्ज किया गया प्रोजेक्ट कोड अमान्य है। कृपया अपने सहायक से संपर्क करें।,ನೀವು ನಮೂದಿಸಿದ ಪ್ರಾಜೆಕ್ಟ್ ಕೋಡ್ ಮಾನ್ಯವಾಗಿಲ್ಲ. ದಯವಿಟ್ಟು ನಿಮ್ಮ ಸಂಯೋಜಕರನ್ನು ಸಂಪರ್ಕಿಸಿ.,നിങ്ങൾ നൽകിയ പ്രോജക്റ്റ് കോഡ് സാധുതയുള്ളതല്ല. ദയവായി നിങ്ങളുടെ കോർഡിനേറ്ററെ ബന്ധപ്പെടുക.,तुम्ही प्रविष्ट केलेला प्रोजेक्ट कोड वैध नाही. कृपया तुमच्या समन्वयकाशी संपर्क साधा.,ଆପଣ ଭରଣ କରିଥିବା ପ୍ରକଳ୍ପ ସଙ୍କେତ ବୈଧ ନୁହେଁ। ଦୟାକରି ଆପଣଙ୍କ ସଂଯୋଜକଙ୍କ ସହିତ ଯୋଗାୟୋଗ କରନ୍ତୁ।,ਤੁਹਾਡੇ ਦੁਆਰਾ ਦਰਜ ਕੀਤਾ ਗਿਆ ਪ੍ਰਾਜੈਕਟ ਕੋਡ ਵੈਧ ਨਹੀਂ ਹੈ। ਕਿਰਪਾ ਕਰਕੇ ਆਪਣੇ ਕੋਆਰਡੀਨੇਟਰ ਨਾਲ ਸੰਪਰਕ ਕਰੋ।,நீங்கள் உள்ளிட்ட திட்டக் குறியீடு செல்லுபடியாகாது. உங்கள் ஒருங்கிணைப்பாளரை தொடர்பு கொள்ளவும்.,మీరు నమోదు చేసిన ప్రాజెక్ట్ కోడ్ చెల్లదు. దయచేసి మీ సమన్వయకర్తను సంప్రదించండి.
access_code_already_used,The access code is already registered to a different phone number. Please contact the coordinator for a new access code.,ইতিমধ্যে এক্সেছ ক’ডটো বেলেগ ফোন নম্বৰত পঞ্জীয়ন কৰা হৈছে। নতুন এক্সেছ ক'ডৰ বাবে অনুগ্ৰহ কৰি সমন্বয়কৰ সৈতে যোগাযোগ কৰক।,অ্যাক্সেস কোডটি ইতিমধ্যেই একটি অন্য ফোন নম্বরে নিবন্ধিত হয়েছে৷ একটি নতুন অ্যাক্সেস কোডের জন্য সমন্বয়কারীর সাথে যোগাযোগ করুন,El código de acceso ya está registrado con un número de teléfono diferente. Comuníquese con el coordinador para obtener un nuevo código de acceso.,એક્સેસ કોડ પહેલાથી જ અલગ ફોન નંબર પર નોંધાયેલ છે. નવા એક્સેસ કોડ માટે કૃપા કરીને કોઓર્ડિનેટરનો સંપર્ક કરો.,एक्सेस कोड पहले से ही किसी अन्य फ़ोन नंबर पर पंजीकृत है। नए एक्सेस कोड के लिए कृपया सहायक से संपर्क करें।,ಪ್ರವೇಶ ಕೋಡ್ ಅನ್ನು ಈಗಾಗಲೇ ಬೇರೆ ಫೋನ್ ಸಂಖ್ಯೆಗೆ ನೋಂದಾಯಿಸಲಾಗಿದೆ. ಹೊಸ ಪ್ರವೇಶ ಕೋಡ್‌ಗಾಗಿ ದಯವಿಟ್ಟು ಸಂಯೋಜಕರನ್ನು ಸಂಪರ್ಕಿಸಿ.,ആക്സസ് കോഡ് ഇതിനകം മറ്റൊരു ഫോൺ നമ്പറിലേക്ക് രജിസ്റ്റർ ചെയ്തിട്ടുണ്ട്. പുതിയ ആക്‌സസ് കോഡിനായി കോർഡിനേറ്ററെ ബന്ധപ്പെടുക.,प्रवेश कोड आधीपासून वेगळ्या फोन नंबरवर नोंदणीकृत आहे. कृपया नवीन प्रवेश कोडसाठी समन्वयकाशी संपर्क साधा.,ଅଭିଗମନ ସଙ୍କେତ ପୂର୍ବରୁ ଏକ ଭିନ୍ନ ଫୋନ୍ ନମ୍ବରରେ ପଞ୍ଜିକୃତ ହୋଇଥାଏ। ନୂତନ ପ୍ରବେଶ ସଙ୍କେତ ପାଇଁ ଦୟାକରି ସଂଯୋଜକଙ୍କ ସହିତ ସମ୍ପର୍କ କରନ୍ତୁ।,ਪਹੁੰਚ ਕੋਡ ਪਹਿਲਾਂ ਹੀ ਕਿਸੇ ਵੱਖਰੇ ਫੋਨ ਨੰਬਰ ਤੇ ਰਜਿਸਟਰਡ ਹੈ। ਕਿਰਪਾ ਕਰਕੇ ਇੱਕ ਨਵੇਂ ਪਹੁੰਚ ਕੋਡ ਲਈ ਕੋਆਰਡੀਨੇਟਰ ਨਾਲ ਸੰਪਰਕ ਕਰੋ।,அணுகல் குறியீடு ஏற்கனவே வேறு தொலைபேசி எண்ணுக்கு பதிவு செய்யப்பட்டுள்ளது. புதிய அணுகல் குறியீட்டிற்கு ஒருங்கிணைப்பாளரைத் தொடர்பு கொள்ளவும்.,ఈ యాక్సెస్ కోడ్ ఇప్పటికే వేరే ఫోన్ నంబర్‌కు రిజిస్టర్ చేయబడింది. దయచేసి కొత్త యాక్సెస్ కోడ్ కోసం మీ సమన్వయకర్తను సంప్రదించండి.
invalid_otp,You have entered an invalid OTP.,আপুনি এটা অবৈধ OTP প্ৰৱেশ কৰিছে।,আপনি একটি ভুল OTP প্রদান করেছেন।,Ha ingresado una OTP inválida.,તમે અયોગ્ય OTP એન્ટર કરેલ છે,आपने एक गलत OTP दर्ज किया है।,ನೀವು ಅಮಾನ್ಯ OTP ಅನ್ನು ನಮೂದಿಸಿರುವಿರಿ.,നിങ്ങൾ ഒരു അസാധുവായ OTPയാണ് നൽകിയത്.,तुम्ही अवैध OTP टाकला आहे.,ଆପଣ ଏକ ଅବୈଧ OTP ଦାଖଲ କରିଛନ୍ତି।,ਤੁਸੀਂ ਇੱਕ ਅਵੈਧ OTP ਦਾਖਲ ਕੀਤਾ ਹੈ।,நீங்கள் தவறான OTP -ஐ உள்ளிட்டுள்ளீர்கள்.,మీరు చెల్లని OTPని నమోదు చేసారు.
reset_assignment_warning,Some output files were missing.,কিছুমান আউটপুট ফাইল পোৱা নগ’ল।,কিছু আউটপুট ফাইল অনুপস্থিত ছিল,Faltaron algunos archivos de salida.,કેટલીક આઉટ પુટ ફાઈલો ગુમ થયેલ હતી,कुछ आउटपुट फ़ाइलें गुम थीं।,ಕೆಲವು ಔಟ್‌ಪುಟ್ ಫೈಲ್‌ಗಳು ಕಾಣೆಯಾಗಿವೆ.,ചില ഔട്ട്‌പുട്ട് ഫയലുകൾ കാണുന്നില്ല,काही आउटपुट फायली गहाळ होत्या.,କିଛି ନିର୍ଗମ ଫାଇଲଗୁଡ଼ିକ ଅନୁପସ୍ଥିତ ଥିଲା।,ਕੁਝ ਆਊਟਪੁੱਟ ਫਾਈਲਾਂ ਗੁੰਮ ਸਨ।,சில வெளியீட்டு கோப்புகள் காணவில்லை.,కొన్ని అవుట్‌పుట్ ఫైల్‌లు లేవు.
upload_file_error,Error while uploading files. Please contact your coordinator.,কোনো ত্ৰুটিৰ বাবে ফাইলসমূহ আপলোড হোৱা নাই। অনুগ্ৰহ কৰি আপোনাৰ সমন্বয়কৰ সৈতে যোগাযোগ কৰক।,ফাইল আপলোডে কিছু ত্রুটি রয়েছে। আপনার সমন্বয়কারীর সাথে যোগাযোগ করুন,Error al cargar archivos. Por favor contacte a su coordinador.,ફાઇલો અપલોડ કરતી વખતે ભૂલ થી છે . કૃપા કરીને તમારા સંયોજકનો સંપર્ક કરો.,किसी त्रुटि की वजह से फाइल अपलोड नहीं हो पा रही है। कृपया अपने संयोजक से संपर्क करें।,ಫೈಲ್‌ಗಳನ್ನು ಅಪ್‌ಲೋಡ್ ಮಾಡುವಾಗ ದೋಷ. ದಯವಿಟ್ಟು ನಿಮ್ಮ ಸಂಯೋಜಕರನ್ನು ಸಂಪರ್ಕಿಸಿ.,ഫയലുകൾ അപ്‌ലോഡ് ചെയ്യുമ്പോൾ പിശക് പറ്റിയിരിക്കുന്നു. ദയവായി നിങ്ങളുടെ കോർഡിനേറ്ററെ ബന്ധപ്പെടുക.,फाइल अपलोड करताना त्रुटी आली आहे. कृपया तुमच्या समन्वयकाशी संपर्क साधा.,ଫାଇଲଗୁଡ଼ିକୁ ଅପଲୋଡ କରିବା ସମୟରେ ତ୍ରୁଟି। ଦୟାକରି ଆପଣଙ୍କ ସଂଯୋଜକଙ୍କ ସହିତ ଯୋଗାୟୋଗ କରନ୍ତୁ।,ਫਾਈਲਾਂ ਅਪਲੋਡ ਕਰਨ ਦੌਰਾਨ ਗਲਤੀ। ਕਿਰਪਾ ਕਰਕੇ ਆਪਣੇ ਕੋਆਰਡੀਨੇਟਰ ਨਾਲ ਸੰਪਰਕ ਕਰੋ।,கோப்புகளைப் பதிவேற்றுவதில் பிழை. உங்கள் ஒருங்கிணைப்பாளரைத் தொடர்பு கொள்ளவும்.,ఫైల్‌లను అప్‌లోడ్ చేస్తున్నప్పుడు లోపం ఏర్పడింది. దయచేసి మీ సమన్వయకర్తను సంప్రదించండి.
send_db_error,Error while sending tasks. Please contact your coordinator.,কোনো ত্ৰুটিৰ বাবে ফাইলসমূহ প্ৰেৰণ হোৱা নাই। অনুগ্ৰহ কৰি আপোনাৰ সমন্বয়কৰ সৈতে যোগাযোগ কৰক।,কাজ পাঠানোর সময় ত্রুটি রয়েছে। আপনার সমন্বয়কারীর সাথে যোগাযোগ করুন।,Error al enviar tareas. Por favor contacte a su coordinador.,જ્યારે તમારા કામને મોકલી રહ્યા હોય ત્યારે ભૂલ થયેલ છે . કૃપા કરીને તમારા સંયોજકનો સંપર્ક કરો.,किसी त्रुटि की वजह से कार्य को भेजा नी सकता है। कृपया आप अपने संयोजक से संपर्क करें।,ಕಾರ್ಯಗಳನ್ನು ಕಳುಹಿಸುವಾಗ ದೋಷ. ದಯವಿಟ್ಟು ನಿಮ್ಮ ಸಂಯೋಜಕರನ್ನು ಸಂಪರ್ಕಿಸಿ.,ടാസ്‌ക്കുകൾ അയക്കുമ്പോൾ പിശക് പറ്റിയിരിക്കുന്നു. ദയവായി നിങ്ങളുടെ കോർഡിനേറ്ററെ ബന്ധപ്പെടുക.,कार्ये पाठवताना त्रुटी आली आहे. कृपया तुमच्या समन्वयकाशी संपर्क साधा.,କାର୍ୟ୍ୟଗୁଡ଼ିକୁ ପଠାଇବା ସମୟରେ ତ୍ରୁଟି। ଦୟାକରି ଆପଣଙ୍କ ସଂଯୋଜକଙ୍କ ସହିତ ଯୋଗାୟୋଗ କରନ୍ତୁ।,ਕਾਰਜਾ ਨੂੰ ਭੇਜਣ ਦੌਰਾਨ ਗਲਤੀ। ਕਿਰਪਾ ਕਰਕੇ ਆਪਣੇ ਕੋਆਰਡੀਨੇਟਰ ਨਾਲ ਸੰਪਰਕ ਕਰੋ।,பணிகளைப் அனுப்புவதில் பிழை. உங்கள் ஒருங்கிணைப்பாளரைத் தொடர்பு கொள்ளவும்.,టాస్క్‌లను పంపుతున్నప్పుడు లోపం ఏర్పడింది. దయచేసి మీ సమన్వయకర్తను సంప్రదించండి.
receive_db_error,Error while receiving tasks. Please contact your coordinator.,কোনো ত্ৰুটিৰ বাবে ফাইলসমূহ গ্ৰহণ কৰিব পৰা নাই। অনুগ্ৰহ কৰি আপোনাৰ সমন্বয়কৰ সৈতে যোগাযোগ কৰক।,কাজ গ্রহণ করার সময় ত্রুটি রয়েছে। আপনার সমন্বয়কারীর সাথে যোগাযোগ করুন।,Error al recibir tareas. Por favor contacte a su coordinador.,જ્યારે કાર્યોને મેળવી રહ્યા હોય ત્યારે ભૂલ થયેલ છે . કૃપા કરીને તમારા સંયોજકનો સંપર્ક કરો.,किसी त्रुटि की वजह से कार्य को प्राप्त नहीं किया जा सकता है। कृपया आप अपने संयोजक से बात करें।,ಕಾರ್ಯಗಳನ್ನು ಸ್ವೀಕರಿಸುವಾಗ ದೋಷ. ದಯವಿಟ್ಟು ನಿಮ್ಮ ಸಂಯೋಜಕರನ್ನು ಸಂಪರ್ಕಿಸಿ.,ടാസ്‌ക്കുകൾ സ്വീകരിക്കുമ്പോൾ പിശക് പറ്റിയിരിക്കുന്നു. ദയവായി നിങ്ങളുടെ കോർഡിനേറ്ററെ ബന്ധപ്പെടുക.,कार्ये प्राप्त करताना त्रुटी आली आहे. कृपया तुमच्या समन्वयकाशी संपर्क साधा.,କାର୍ୟ୍ୟଗୁଡ଼ିକୁ ଗ୍ରହଣ କରିବା ସମୟରେ ତ୍ରୁଟି। ଦୟାକରି ଆପଣଙ୍କ ସଂଯୋଜକଙ୍କ ସହିତ ଯୋଗାୟୋଗ କରନ୍ତୁ।,ਕਾਰਜਾਂ ਨੂੰ ਪ੍ਰਾਪਤ ਕਰਨ ਦੌਰਾਨ ਗਲਤੀ। ਕਿਰਪਾ ਕਰਕੇ ਆਪਣੇ ਕੋਆਰਡੀਨੇਟਰ ਨਾਲ ਸੰਪਰਕ ਕਰੋ।,பணிகளைப் பெறுவதில் பிழை. உங்கள் ஒருங்கிணைப்பாளரைத் தொடர்பு கொள்ளவும்.,టాస్క్‌లను స్వీకరిస్తున్న ప్పుడు లోపం ఏర్పడింది. దయచేసి మీ సమన్వయకర్తను సంప్రదించండి.
download_file_error,Error while downloading files. Please contact your coordinator.,কোনো ত্ৰুটিৰ বাবে ফাইলসমূহ ডাউনলোড কৰিব পৰা নাই। অনুগ্ৰহ কৰি আপোনাৰ সমন্বয়কৰ সৈতে যোগাযোগ কৰক।,ফাইল ডাউনলোড করার সময় ত্রুটি রয়েছে। আপনার সমন্বয়কারীর সাথে যোগাযোগ করুন।,Error al descargar archivos. Por favor contacte a su coordinador.,જ્યારે ફાઇલો ને ડાઉનલોડ કરી રહ્યા હોય ત્યારે ભૂલ થયેલ છે કૃપા કરીને તમારા સંયોજકનો સંપર્ક કરો.,किसी त्रुटि की वजह से फ़ाइलें अभी डाउनलोड नहीं हो पा रहा है। कृपया आप अपने संयोजक से संपर्क करें।,ಫೈಲ್‌ಗಳನ್ನು ಡೌನ್‌ಲೋಡ್ ಮಾಡುವಾಗ ದೋಷ. ದಯವಿಟ್ಟು ನಿಮ್ಮ ಸಂಯೋಜಕರನ್ನು ಸಂಪರ್ಕಿಸಿ.,ഫയലുകൾ ഡൗൺലോഡ് ചെയ്യുമ്പോൾ പിശക് പറ്റിയിരിക്കുന്നു. ദയവായി നിങ്ങളുടെ കോർഡിനേറ്ററെ ബന്ധപ്പെടുക.,फाइल डाउनलोड करताना त्रुटी. कृपया तुमच्या समन्वयकाशी संपर्क साधा.,ଫାଇଲଗୁଡ଼ିକୁ ଆହରଣ କରିବା ସମୟରେ ତ୍ରୁଟି। ଦୟାକରି ଆପଣଙ୍କ ସଂୟୋଜକଙ୍କ ସହିତ ଯୋଗାୟୋଗ କରନ୍ତୁ।,ਫਾਈਲਾਂ ਨੂੰ ਡਾਊਨਲੋਡ ਕਰਨ ਦੌਰਾਨ ਗਲਤੀ। ਕਿਰਪਾ ਕਰਕੇ ਆਪਣੇ ਕੋਆਰਡੀਨੇਟਰ ਨਾਲ ਸੰਪਰਕ ਕਰੋ।,பதிவிறக்குவதில் பிழை. உங்கள் ஒருங்கிணைப்பாளரைத் தொடர்பு கொள்ளவும்.,ఫైల్‌లను డౌన్‌లోడ్ చేస్తున్నప్పుడు లోపం ఏర్పడింది. దయచేసి మీ సమన్వయకర్తను సంప్రదించండి.
received_verified_error,Error while receiving validations. Please contact your coordinator.,বৈধকৰণ গ্ৰহণ কৰোঁতে কোনো ত্ৰুটি হৈছে। অনুগ্ৰহ কৰি আপোনাৰ সমন্বয়কৰ সৈতে যোগাযোগ কৰক।,বৈধতা পাওয়ার সময় ত্রুটি। আপনার সমন্বয়কারীর সাথে যোগাযোগ করুন।,Error al recibir validaciones. Por favor contacte a su coordinador.,માન્યતાઓ મેળવતી વખતે થયેલ ભૂલ. કૃપા કરીને તમારા સંયોજકનો સંપર્ક કરો.,किसी त्रुटि की वजह से अभी फाइल का सत्यापन नहीं किया जा सकता है। कृपया आप अपने संयोजक से बात करें।,ಮೌಲ್ಯೀಕರಣಗಳನ್ನು ಸ್ವೀಕರಿಸುವಾಗ ದೋಷ. ದಯವಿಟ್ಟು ನಿಮ್ಮ ಸಂಯೋಜಕರನ್ನು ಸಂಪರ್ಕಿಸಿ.,മൂല്യനിർണ്ണയങ്ങൾ സ്വീകരിക്കുമ്പോൾ പിശക് പറ്റിയിരിക്കുന്നു. ദയവായി നിങ്ങളുടെ കോർഡിനേറ്ററെ ബന്ധപ്പെടുക.,प्रमाणीकरण प्राप्त करताना त्रुटी. कृपया तुमच्या समन्वयकाशी संपर्क साधा.,ବୈଧିକରଣଗୁଡ଼ିକୁ ଗ୍ରହଣ କରିବା ସମୟରେ ତ୍ରୁଟି। ଦୟାକରି ଆପଣଙ୍କ ସଂଯୋଜକଙ୍କ ସହିତ ଯୋଗାୟୋଗ କରନ୍ତୁ।,ਪ੍ਰਮਾਣਿਕਤਾ ਪ੍ਰਾਪਤ ਕਰਨ ਦੌਰਾਨ ਗਲਤੀ। ਕਿਰਪਾ ਕਰਕੇ ਆਪਣੇ ਕੋਆਰਡੀਨੇਟਰ ਨਾਲ ਸੰਪਰਕ ਕਰੋ।,சரிபார்ப்புகளைப் பெறுவதில் பிழை. உங்கள் ஒருங்கிணைப்பாளரைத் தொடர்பு கொள்ளவும்.,ధృవీకరణలను స్వీకరిస్తున్న ప్పుడు లోపం ఏర్పడింది. దయచేసి మీ సమన్వయకర్తను సంప్రదించండి.
dashboard,Dashboard,ডেশ্ববৰ্ড,ড্যাশবোর্ড,Panel,ડેશબોર્ડ,डैशबोर्ड,ಡ್ಯಾಶ್ಬೋರ್ಡ್,ഡാഷ്ബോർഡ്,डॅशबोर्ड,ଡ୍ୟାସବୋର୍ଡ,ਡੈਸ਼ਬੋਰਡ,தகவல் பலகை,డాష్బోర్డ్
onboarding,OnBoarding,অনব’ৰ্ডিং,অনবোর্ডিং,Inducción,ઓનબોર્ડીંગ,ओनबोर्डिंग,ಆನ್ಬೋರ್ಡಿಂಗ್,ഓൺബോർഡിംഗ്,ऑनबोर्डिंग,ଅନବୋର୍ଡିଂ,ਆਨ ਬੋਰਡਿੰਗ,உள் நுழைவு செயல்முறை,ఆన్‌బోర్డింగ్
settings,Settings,ছেটিংছ,সেটিংস,Ajustes,સુયોજનો,सेटिंग्स,ಸಂಯೋಜನೆಗಳು,ക്രമീകരണങ്ങൾ,सेटिंग्ज,ସେଟିଂ,ਸੈਟਿੰਗਾਂ,அமைப்புகள்,సెట్టింగ్స్
back,Back,পিছলৈ,পিছনে,Atrás,પાછા જાઓ,पीछे,ಹಿಂದೆ,തിരികെ,मागे,ପଛକୁ,ਪਿੱਛੇ,பின்னோக்கி,వెనుకకు
dismiss,Dismiss,বৰ্খাস্ত কৰক,বরখাস্ত করা,Despedir,રદ્દ કરો,नकार देना,ವಜಾಗೊಳಿಸಿ,പിരിച്ചുവിടുക,काढून टाकणे,ବରଖାସ୍ତ କରିବା,ਖਾਰਜ ਕਰੋ,நீக்குக,రద్దుచేసే
help,Help,সহায়,সাহায্য,Ayuda,મદદ,मदद,ಸಹಾಯ,സഹായം,मदत करा,ସାହାୟ୍ୟ କରିବା,ਮਦਦ ਕਰੋ,உதவி,సహాయం
select_your_language,Select your language,আপোনাৰ ভাষা নিৰ্বাচন কৰক,ভাষা নির্বাচন করুন,Seleccionar su idioma,તમારી ભાષા પસંદ કરો,अपनी भाषा का चयन करें,ನಿಮ್ಮ ಭಾಷೆಯನ್ನು ಆಯ್ಕೆಮಾಡಿ,നിങ്ങളുടെ ഭാഷ തിരഞ്ഞെടുക്കുക,तुमची भाषा निवडा,ଆପଣଙ୍କ ଭାଷା ଚୟନ କରନ୍ତୁ,ਆਪਣੀ ਭਾਸ਼ਾ ਦੀ ਚੋਣ ਕਰੋ,உங்கள் மொழியைத் தேர்ந்தெடுக்கவும்,మీ భాషను ఎంచుకోండి
welcome,"Welcome, %s",স্বাগতম,স্বাগত,"Bienvenido, %s",આવકાર,स्वागत %s,ಸ್ವಾಗತ,സ്വാഗതം,स्वागत आहे,ସ୍ୱାଗତ କରିବା,ਸਵਾਗਤ ਹੈ,வரவேற்கிறோம்,స్వాగతం
add_new_tasks,Add new tasks,নতুন কাম যোগ কৰক,নতুন কাজ যোগ করুন,Agregar nuevas tareas,નવા કાર્યને ઉમેરો,नए कार्य जोड़ें,ಹೊಸ ಕಾರ್ಯಗಳನ್ನು ಸೇರಿಸಿ,പുതിയ ടാസ്ക്കുകൾ ചേർക്കുക,नवीन कार्ये जोडा,ନୂତନ କାର୍ୟ୍ୟଗୁଡ଼ିକୁ ଯୋଗ କରନ୍ତୁ,ਨਵੇਂ ਕਾਰਜ ਦਾਖਲ ਕਰੋ,புதிய பணிகளைச் சேர்க்கவும்,కొత్త టాస్క్‌లను జోడించండి
earning,Earning,উপাৰ্জন,উপার্জন,Ganancia,કમાણી,कमाई,ಗಳಿಸುತ್ತಿದೆ,സമ്പാദ്യം,कमाई,ଉପାର୍ଜନ,ਕਮਾਈ,சம்பாத்தியம்,సంపాదన
rating,Rating,ৰেটিং,রেটিং,clasificación,રેટીંગ,रेटिंग,ಬೆಲೆ-ಕಟ್ಟುವುದು,റേറ്റിംഗ്,रेटिंग,ମୂଲ୍ୟାଙ୍କନ,ਰੇਟਿੰਗ,மதிப்பீடு,రేటింగ్
account,Account,একাউণ্ট,অ্যাকাউন্ট,Cuenta,ખાતું,खाता,ಖಾತೆ,അക്കൗണ്ട്,खाते,ହିସାବ,ਖਾਤਾ,கணக்கு,ఖాతా
notifications,Notifications,জাননী,নোটিফিকেশন,Notificaciones,સૂચનાઓ,नोटिफिकेशन,ಅಧಿಸೂಚನೆಗಳು,അറിയിപ്പുകൾ,अधिसूचना,ବିଜ୍ଞପ୍ତି,ਸੂਚਨਾਵਾਂ,அறிவிப்புகள்,నోటిఫికేషన్‌లు
language,Language,ভাষা,ভাষা,Idioma,ભાષા,भाषा,ಭಾಷೆ,ഭാഷ,भाषा,ଭାଷା,ਭਾਸ਼ਾ,மொழி,భాష
data_n_privacy,Data & Privacy,ডাটা আৰু গোপনীয়তা,ডেটা এবং গোপনীয়তা,Datos y privacidad,માહિતી અને ગોપનીયતા,डेटा और गोपनीयता,ಡೇಟಾ ಮತ್ತು ಗೌಪ್ಯತೆ,ഡാറ്റയും സ്വകാര്യതയും,डेटा आणि गोपनीयता,ତଥ୍ୟ ଓ ଗୋପନୀୟତା,ਡਾਟਾ ਅਤੇ ਗੋਪਨੀਯਤਾ,தரவு & தனியுரிமை,డేటా మరియు గోప్యత
delete_account,Delete Account,একাউণ্ট মচি পেলাওক,অ্যাকাউন্ট ডিলিট করুন,Borrar cuenta,ખાતું કાઢી નાંખો,खाता हटा दो,ಖಾತೆಯನ್ನು ಅಳಿಸಿ,അക്കൗണ്ട് ഇല്ലാതാക്കുക,खाते डिलीट करा,ଖାତାକୁ ଅପସାରଣ କରନ୍ତୁ,ਖਾਤਾ ਮਿਟਾਓ,கணக்கை நீக்குக,ఖాతాను తొలగించండి
log_out,Log Out,লগ আউট কৰক,লগ আউট,Cerrar sesión,લોગ આઉટ,लॉग आउट,ಲಾಗ್ ಔಟ್,ലോഗ് ഔട്ട് ചെയ്യുക,लॉग आउट,ଲଗ ଆଉଟ୍,ਲਾੱਗ ਆਊਟ,வெளியேறு,లాగ్ అవుట్ చేయండి
submit,Submit,প্ৰফাইল জমা দিয়ক,প্রোফাইল জমা দিন,Entregar,પ્રોફાઇલ સબમિટ કરો,सबमिट करें,ಪ್ರೊಫೈಲ್ ಸಲ್ಲಿಸಿ,പ്രൊഫൈൽ സമർപ്പിക്കുക,सबमिट करा,ରୁପରେଖା ଦାଖଲ କରନ୍ତୁ,ਪ੍ਰੋਫਾਈਲ ਜਮ੍ਹਾਂ ਕਰੋ,சுயவிவரத்தை சமர்ப்பிக்கவும்,ప్రొఫైల్‌ను సమర్పించండి
pick_from_gallery,Pick Photo From Gallery,গেলেৰীৰ পৰা ফটো বাছনি কৰক,গ্যালারী থেকে ফটো নির্বাচন করুন,Elijir una foto de la galería,ગેલેરીમાંથી ફોટો ચૂંટો,गैलरी से फोटो चुनें,ಗ್ಯಾಲರಿಯಿಂದ ಫೋಟೋವನ್ನು ಆರಿಸಿ,ഗാലറിയിൽ നിന്ന് ഫോട്ടോ തിരഞ്ഞെടുക്കുക,गॅलरीमधून फोटो निवडा,ଗ୍ୟାଲେରୀରୁ ଫଟୋ ଚୟନ କରନ୍ତୁ,ਗੈਲਰੀ ਤੋਂ ਫੋਟੋ ਚੁਣੋ,கேலரியில் இருந்து புகைப்படத்தை தேர்ந்தெடு,గ్యాలరీ నుండి ఫోటోను ఎంచుకోండి
click_from_camera,Take a Picture,এখন ছবি লওক,একটি ছবি তুলুন,Tomar una foto,ફોટો પાડો,एक तस्वीर ले लो,ಛಾಯಾ ಚಿತ್ರ ತೆಗೆದುಕೋ,ഒരു ചിത്രമെടുക്കുക,एक पिक्चर घ्या,ଫଟୋ ଗୋଟେ ଉଠାଅ,ਇੱਕ ਤਸਵੀਰ ਲਓ,ஒரு படம் எடுங்கள்,ఫోటో తీయి
change_language,Change Language,ভাষা পৰিবৰ্তন কৰক,ভাষা পরিবর্তন করুন,Cambiar idioma,ભાષા બદલો,भाषा बदलो,ಭಾಷೆ ಬದಲಾಯಿಸಿ,ഭാഷ മാറ്റുക,भाषा बदला,ଭାଷା ପରିବର୍ତ୍ତନ କରନ୍ତୁ,ਭਾਸ਼ਾ ਬਦਲੋ,மொழியை மாற்றவும்,భాషను మార్చు
done,Done,সম্পন্ন হৈছে,সম্পন্ন হয়েছে,Hecho,થઈ ગયું,हो गया,ಮುಗಿದಿದೆ,ചെയ്തു,झाले,ସମାପ୍ତ,ਹੋ ਗਿਆ,முடிந்தது,పూర్తి
create_new_account,Create New Account,নতুন একাওন্ট সৃষ্টি কৰক,একটি নতুন অ্যাকাউন্ট তৈরি করুন,Crear una nueva cuenta,નવું એકાઉન્ટ બનાવો,नया खाता बनाएँ,ಹೊಸ ಖಾತೆಯನ್ನು ರಚಿಸಿ,പുതിയ അക്കൗണ്ട് ഉണ്ടാക്കുക,नवीन खाते तयार करा,ନୂତନ ଖାତା ସୃଷ୍ଟି କରନ୍ତୁ,ਨਵਾਂ ਖਾਤਾ ਬਣਾਓ,புதிய கணக்கை உருவாக்கு,కొత్త ఖాతా తెరవండి
found_logged_in_accounts,Found Accounts,একাওন্ট সমূহ পোৱা গৈছে,অ্যাকাউন্ট পাওয়া গেছে,Cuentas encontradas,એકાઉન્ટ્સ મળ્યા,खाता मिला,ಖಾತೆಗಳು ಕಂಡುಬಂದಿವೆ,അക്കൗണ്ടുകൾ കണ്ടെത്തി,खाते सापडले,ଖାତା ମିଳିଲା,ਖਾਤੇ ਮਿਲੇ ਹਨ,கண்டுபிடிக்கப்பட்ட கணக்குகள்,ఖాతాలు దొరికాయి
sync_with_server,Sync with Server,সেৱকৰ সৈতে সিঙ্ক্রোনাইজ কৰক,সার্ভারের সাথে সিঙ্ক্রোনাইজ করুন,Sincronizar con el servidor,સર્વર સાથે સમન્વય,सर्वर के साथ सिंक करें,ಸರ್ವರ್‌ನೊಂದಿಗೆ ಸಿಂಕ್ ಮಾಡಿ,സെർവറുമായി സമന്വയിപ്പിക്കുക,सर्व्हरसह समक्रमित करा,ସର୍ଭର ସହିତ ସିଙ୍କ୍ କରନ୍ତୁ,ਸਰਵਰ ਨਾਲ ਸਿੰਕ ਕਰੋ,சேவையகத்துடன் ஒத்திசைக்கவும்,సర్వర్‌తో సింక్ చేయండి
okay,Okay,হ'ব,ঠিক আছে,Bien,બરાબર,ठीक है,ಸರಿ,ശരി,ठीक आहे,ଠିକ ଅଛି,ਠੀਕ ਹੈ,சரி,సరే
completed,Completed,সম্পূৰ্ণ কৰা হৈছে,সম্পূর্ণ,Completado,પૂર્ણ થયું,पुरा हुआ,ಪೂರ್ಣಗೊಂಡಿದೆ,തീര്‍ക്കുക,पूर्ण झाले,ସମାପ୍ତ,ਪੂਰਾ ਹੋਇਆ,நிறைவடைந்தது,పూర్తయింది
submitted,Submitted,দাখিল কৰা হৈছে,জমা দেওয়া হয়েছে,Entregado,સબમિટ કર્યું,सबमिट किया हैं,ಸಲ್ಲಿಸಲಾಗಿದೆ,സമർപ്പിച്ചു,सबमिट केले,ଉପସ୍ଥାପିତ,ਪੇਸ਼ ਕੀਤਾ,சமர்ப்பிக்கப்பட்டது,సమర్పించబడింది
verified,Verified,সত্যাপিত,প্রত্যয়িত,Verificado,ચકાસણી,सत्यापित,ಪರಿಶೀಲಿಸಲಾಗಿದೆ,പരിശോധിച്ചുറപ്പിച്ചു,सत्यापित,ଯାଞ୍ଚ ହୋଇଛି,ਪ੍ਰਮਾਣਿਤ,சரிபார்க்கப்பட்டது,ధృవీకరించబడింది
switch_account,Switch Account,একাওন্ট পৰিবৰ্তন কৰক,অ্যাকাউন্ট পরিবর্তন করুন,Cambiar cuenta,એકાઉન્ટ સ્વિચ કરો,खाता बदलिये,ಖಾತೆಯನ್ನು ಬದಲಿಸಿ,അക്കൗണ്ടുകൾ മാറുക,खाते बदला,ଆକାଉଣ୍ଟ୍ ସୁଇଚ୍ କରନ୍ତୁ,ਖਾਤਾ ਬਦਲੋ,கணக்கை மாற்றவும்,ఖాతాకు మారండి
task_not_supported_yet,This task is not supported,এই কাৰ্য্য সমৰ্থিত নহয়,এই ক্রিয়াটি সমর্থিত নয়,Esta tarea no es compatible,આ કાર્ય સમર્થિત નથી,यह टास्क सपोर्टेड नहीं है,ಈ ಕಾರ್ಯವು ಬೆಂಬಲಿತವಾಗಿಲ್ಲ,ഈ ടാസ്ക് പിന്തുണയ്ക്കുന്നില്ല,हे टास्क सपोर्टेड नाही,ଏହି କାର୍ଯ୍ୟ ସମର୍ଥିତ ନୁହେଁ,ਇਹ ਕੰਮ ਸਮਰਥਿਤ ਨਹੀਂ ਹੈ,இந்த பணி ஆதரிக்கப்படவில்லை,ఈ టాస్క్‌కు మద్దతు లేదు
update_profile_photo,Update profile photo,প্ৰ'ফাইল ফটো আপডেট কৰক,প্রোফাইল ফটো আপডেট করুন,Actualizar foto de perfil,પ્રોફાઇલ ફોટો અપડેટ કરો,प्रोफाइल फोटो अपडेट करें,ಪ್ರೊಫೈಲ್ ಫೋಟೋವನ್ನು ನವೀಕರಿಸಿ,പ്രൊഫൈൽ ഫോട്ടോ അപ്ഡേറ്റ് ചെയ്യുക,प्रोफाइल फोटो अपडेट करा,ପ୍ରୋଫାଇଲ୍ ଫଟୋ ଅପଡେଟ୍ କରନ୍ତୁ,ਪ੍ਰੋਫਾਈਲ ਫੋਟੋ ਅੱਪਡੇਟ ਕਰੋ,சுயவிவர புகைப்படத்தை புதுப்பிக்கவும்,ప్రొఫైల్ ఫోటోను అప్‌డేట్ చేయండి
no_task_available,No more tasks available!,আৰু কোনো কাম উপলব্ধ নহয়!,আর কোন টাস্ক উপলব্ধ নেই!,¡No hay más tareas disponibles!,વધુ કાર્યો ઉપલબ્ધ નથી!,कोई और टास्क उपलब्ध नहीं है!,ಹೆಚ್ಚಿನ ಕಾರ್ಯಗಳು ಲಭ್ಯವಿಲ್ಲ!,കൂടുതൽ ടാസ്ക്കുകൾ ലഭ്യമല്ല!,आणखी टास्क्स उपलब्ध नाहीत!,ଆଉ କୌଣସି କାର୍ଯ୍ୟ ଉପଲବ୍ଧ ନାହିଁ!,ਕੋਈ ਹੋਰ ਕੰਮ ਉਪਲਬਧ ਨਹੀਂ ਹਨ!,மேலும் பணிகள் இல்லை!,మరిన్ని టాస్క్‌లు అందుబాటులో లేవు!
go_to_dashboard,Go to dashboard,ডেশ্বব'ৰ্ডলৈ যাওক,ড্যাশবোর্ডে যান,Ir al panel de control,ડેશબોર્ડ પર જાઓ,डैशबोर्ड पर जाएँ,ಡ್ಯಾಶ್ಬೋರ್ಡ್ಗೆ ಹೋಗಿ,ഡാഷ്‌ബോർഡിലേക്ക് പോകുക,डॅशबोर्डवर जा,ଡ୍ୟାସବୋର୍ଡକୁ ଯାଆନ୍ତୁ,ਡੈਸ਼ਬੋਰਡ 'ਤੇ ਜਾਓ,டாஷ்போர்டுக்குச் செல்லவும்,డాష్‌బోర్డ్‌కు వెళ్ళండి
resend_OTP,Resend OTP,OTP পুনৰ প্ৰেৰণ কৰক,OTP পুনরায় পাঠান,Reenviar OTP,OTP ફરીથી મોકલો,OTP फिर से भेजें,OTP ಅನ್ನು ಮರುಕಳುಹಿಸಿ,OTP (ഒടിപി) വീണ്ടും അയയ്‌ക്കുക,OTP पुन्हा पाठवा,OTP ପଠାନ୍ତୁ,OTP ਦੁਬਾਰਾ ਭੇਜੋ,OTP ஐ மீண்டும் அனுப்பவும்,OTPను మళ్ళీ పంపు
resent_OTP,OTP resent successfully!,OTP সফলতাৰে প্ৰেৰণ পুনৰ কৰা হৈছে!,OTP সফলভাবে পুনরায় প্রেরণ করা হয়েছে!,¡OTP reenviado exitosamente!,OTP સફળતાપૂર્વક રીસેંટ થયો!,OTP फिर से भेजा गया!,OTP ಯಶಸ್ವಿಯಾಗಿ ಮರುಕಳಿಸಿ!,OTP (ഒടിപി) വിജയകരമായി അയച്ചു!,OTP यशस्वीरित्या पुन्हा पाठवला!,OTP ସଫଳତାର ସହିତ ବିରକ୍ତ!,OTP ਸਫਲਤਾਪੂਰਵਕ ਮੁੜ ਭੇਜਿਆ ਗਿਆ!,OTP வெற்றிகரமாக அனுப்பப்பட்டது!,OTP విజయవంతంగా మళ్ళీ పంపబడింది!
skip,Skip,বাদ দিয়ক,এড়িয়ে যান,Saltar,છોડો,स्किप करें,ಬಿಟ್ಟುಬಿಡಿ,വിട്ടേക്കുക,स्कीप करा,ଛାଡିଦିଅ,ਛੱਡੋ,தவிர்க்கவும்,దాటవేయి
delete,Delete,মচি পেলাওক,মুছুন,Borrar,કાઢી નાખો,डिलीट,ಅಳಿಸಿ,ഇല്ലാതാക്കുക,डिलीट,ବିଲୋପ କରନ୍ତୁ,ਮਿਟਾਓ,அழி,తొలగించు
stop,Stop,বন্ধ কৰক,বন্ধ করুন,Detener,બંધ,रुकें,ನಿಲ್ಲಿಸು,നിർത്തുക,थांबा,ବନ୍ଦ କରନ୍ତୁ,ਰੁਕੋ,நிறுத்து,ఆపండి
record,Record,ৰেকৰ্ড,রেকর্ড,Grabar,રેકોર્ડ,रेकॉर्ड,ರೆಕಾರ್ಡ್ ಮಾಡಿ,രേഖപ്പെടുത്തുക,रेकॉर्ड,ରେକର୍ଡ କରନ୍ତୁ,ਰਿਕਾਰਡ ਕਰੋ,பதிவு,రికార్డ్ చేయండి
cancel,Cancel,বাতিল কৰক,বাতিল করুন,Cancelar,રદ કરો,रद्द करें,ರದ್ದುಮಾಡಿ,റദ്ദാക്കുക,रद्द करा,ବାତିଲ୍ କରନ୍ତୁ,ਰੱਦ ਕਰੋ,ரத்து செய்,రద్దు చేయి
sync,Sync,ছিঙ্ক,সিঙ্ক,Syncronizar,સમન્વય,सिंक करें,ಸಿಂಕ್ ಮಾಡಿ,സിങ്ക് ചെയൂ,समक्रमण करा,ସିଙ୍କ୍,ਸਿੰਕ,ஒத்திசை,సింక్
acra_toast_text,Error report sent,ভুল ৰিপোৰ্ট প্ৰেৰণ কৰা হৈছে,সমস্যার বিবরণ পাঠানো হয়েছে,Informe de errores enviado,ભૂલ અહેવાલ મોકલ્યો,त्रुटि रिपोर्ट भेजी गई,ದೋಷ ವರದಿಯನ್ನು ಕಳುಹಿಸಲಾಗಿದೆ,എറർ റിപ്പോർട്ട് അയച്ചു,त्रुटी अहवाल पाठवला,ତ୍ରୁଟି ରିପୋର୍ଟ ପଠାଗଲା,ਗਲਤ ਰਿਪੋਰਟ ਭੇਜੀ ਗਈ,பிழை அறிக்கை அனுப்பப்பட்டது,ఎర్రర్ నివేదిక పంపబడింది
err_blank_input,Blank inputs are not allowed!,খালী ইনপুটৰ অনুমতি নাই!,ফাঁকা ইনপুট অনুমোদিত নয়!,¡No se permiten entradas en blanco!,ખાલી ઇનપુટ્સની મંજૂરી નથી!,खाली इनपुट की अनुमति नहीं है!,ಖಾಲಿ ಇನ್‌ಪುಟ್‌ಗಳನ್ನು ಅನುಮತಿಸಲಾಗುವುದಿಲ್ಲ.,ശൂന്യമായ ഇൻപുട്ടുകൾ അനുവദനീയമല്ല!,रिकाम्या इनपुटला परवानगी नाही!,ଖାଲି ଇନପୁଟକୁ ଅନୁମତି ନାହିଁ!,ਖਾਲੀ ਇਨਪੁੱਟਾਂ ਦੀ ਆਗਿਆ ਨਹੀਂ ਹੈ!,பிளாங்க் இன்புட்கள் ஏற்றுக்கொள்ளப்படாது!,ఖాళీ ఇన్‌పుట్‌లు అనుమతించబడవు!
err_numeric_input,Only numeric inputs are allowed,কেৱল সংখ্যাগত ইনপুটৰ অনুমতি দিয়া হৈছে,কেবলমাত্র সংখ্যাসূচক ইনপুট অনুমোদিত,Sólo se permiten entradas numéricas,માત્ર આંકડાકીય ઇનપુટ્સની મંજૂરી છે,केवल संख्यात्मक इनपुट की अनुमति है,ಸಂಖ್ಯಾ ಇನ್‌ಪುಟ್‌ಗಳನ್ನು ಮಾತ್ರ ಅನುಮತಿಸಲಾಗಿದೆ.,സംഖ്യാ ഇൻപുട്ടുകൾ മാത്രമേ അനുവദിക്കൂ,फक्त अंकीय इनपुटला अनुमती आहे,କେବଳ ସଙ୍ଖ୍ୟାତ୍ମକ ଇନପୁଟକୁ ଅନୁମତି ଦିଆୟାଇଛି,ਕੇਵਲ ਸੰਖਿਅਕ ਇਨਪੁੱਟ ਦੀ ਹੀ ਆਗਿਆ ਹੈ,எண் இன்புட்கள் மட்டுமே ஏற்றுக்கொள்ளப்படும்,సంఖ్యా ఇన్‌పుట్‌లు మాత్రమే అనుమతించబడతాయి
err_decimal_input,Only decimal numeric inputs are allowed,কেৱল দশমিক সংখ্যাগত ইনপুটৰ অনুমতি দিয়া হৈছে,কেবলমাত্র দশমিক সংখ্যাসূচক ইনপুট অনুমোদিত,Sólo se permiten entradas numéricas decimales,માત્ર દશાંશ આંકડાકીય ઇનપુટ્સની મંજૂરી છે,केवल दशमलव संख्यात्मक इनपुट की अनुमति है,ದಶಮಾಂಶ ಸಂಖ್ಯಾತ್ಮಕ ಇನ್‌ಪುಟ್‌ಗಳನ್ನು ಮಾತ್ರ ಅನುಮತಿಸಲಾಗಿದೆ.,ഡെസിമൽ സംഖ്യാ ഇൻപുട്ടുകൾ മാത്രമേ അനുവദിക്കൂ,फक्त दशांश अंकीय इनपुटला अनुमती आहे,କେବଳ ଡେସିମିଲ ନିଉମେରିକ ଇନପୁଟକୁ ଅନୁମତି ଦିଆୟାଇଛି,ਕੇਵਲ ਦਸ਼ਮਲਵ ਸੰਖਿਅਕ ਇਨਪੁੱਟ ਦੀ ਹੀ ਆਗਿਆ ਹੈ,தசம எண் உள்ளீடுகள் மட்டுமே ஏற்றுக்கொள்ளப்படும்,దశాంశ సంఖ్యా ఇన్‌పుట్‌లు మాత్రమే అనుమతించబడతాయి
msg_sync,You have completed tasks that can be submitted to the server. Do you want to submit the tasks now?,আপুনি চাৰ্ভাৰলৈ জমা দিব পৰা কামসমূহ সম্পূৰ্ণ কৰিছে। আপুনি এতিয়াই কামবোৰ জমা দিব বিচাৰেনে?,আপনি যে টাস্কটি করেছেন সেটা সার্ভারে উপস্থাপিত করা যাবে। আপনি কি টাস্কটি এখন  জমা দিতে চান?,Ha completado tareas que se pueden enviar al servidor. ¿Quiere enviar las tareas ahora?,તમે એવા કાર્યો પૂર્ણ કર્યા છે જે સર્વર પર સબમિટ કરી શકાય છે. શું તમે હવે કાર્યો સબમિટ કરવા માંગો છો?,आपने वे कार्य पूरे कर लिए हैं जिन्हें सर्वर पर सबमिट किया जा सकता है। क्या आप अभी कार्य सबमिट करना चाहते हैं?,ಸರ್ವರ್‌ಗೆ ಸಲ್ಲಿಸಬಹುದಾದ ಕಾರ್ಯಗಳನ್ನು ನೀವು ಪೂರ್ಣಗೊಳಿಸಿದ್ದೀರಿ. ನೀವು ಈಗ ಕಾರ್ಯಗಳನ್ನು ಸಲ್ಲಿಸಲು ಬಯಸುವಿರಾ?,സെർവറിലേക്ക് സമർപ്പിക്കാൻ കഴിയുന്ന ടാസ്കുകൾ നിങ്ങൾ പൂർത്തിയാക്കി. ടാസ്‌ക്കുകൾ ഇപ്പോൾ സമർപ്പിക്കണോ?,तुम्ही सर्व्हरवर प्रस्तुत करता येणारी कार्ये पूर्ण केली आहेत. तुम्ही आता टास्क सबमिट करू इच्छिता?,ଆପଣ ସର୍ଭରକୁ ଦାଖଲ କରିପାରୁଥିବା କାର୍ୟ୍ୟଗୁଡ଼ିକୁ ସମ୍ପୂର୍ଣ୍ଣ କରିସାରିଛନ୍ତି। ଆପଣ ବର୍ତ୍ତମାନ କାର୍ୟ୍ୟଗୁଡ଼ିକୁ ଦାଖଲ କରିବାକୁ ଚାହୁଁଛନ୍ତି କି?,ਤੁਸੀਂ ਉਹ ਕਾਰਜ ਪੂਰੇ ਕਰ ਲਏ ਹਨ ਜਿੰਨ੍ਹਾਂ ਨੂੰ ਸਰਵਰ ਨੂੰ ਸਪੁਰਦ ਕੀਤਾ ਜਾ ਸਕਦਾ ਹੈ। ਕੀ ਤੁਸੀਂ ਹੁਣੇ ਕਾਰਜਾਂ ਨੂੰ ਸਪੁਰਦ ਕਰਨਾ ਚਾਹੁੰਦੇ ਹੋ?,உங்களால் முடிக்கப்பட்ட டாஸ்க்குகளைச் சர்வருக்கு சமர்ப்பிக்கலாம். டாஸ்க்குகளை இப்போதே சமர்ப்பிக்க விரும்புகிறீர்களா?,మీరు సర్వర్‌కు అందజేయగల పనులను పూర్తి చేసారు. మీరు ఇప్పుడు టాస్క్ సబ్మిట్ చేయాలనుకుంటున్నారా?
edit_successful,Edit Successful!,এডিট সফল হ'ল!,এডিট সফল হয়েছে!,¡Edición exitosa!,સંપાદન સફળ!,संपादन सफल!,ಸಂಪಾದನೆ ಯಶಸ್ವಿಯಾಗಿದೆ!,വിജയകരമായി എഡിറ്റ് ചെയ്‌തു!,संपादन यशस्वी!,ସଫଳ ସମ୍ପାଦନ କରନ୍ତୁ!,ਸੋਧ ਸਫ਼ਲ ਰਹੀ!,வெற்றிகரமாக எடிட் செய்யப்பட்டது!,ఎడిట్ విజయవంతమైంది!
correct_answer,The above answer was correct!,ওপৰৰ উত্তৰটো শুদ্ধ আছিল!,উপরের উত্তরটি সঠিক ছিল!,¡La respuesta anterior era correcta!,ઉપરનો જવાબ સાચો હતો!,ऊपर दिया गया उत्तर सही था!,ಮೇಲಿನ ಉತ್ತರ ಸರಿಯಾಗಿದೆ.,മുകളിലെ ഉത്തരം ശരിയാണ്!,वरील उत्तर बरोबर होते!,ଉପରୋକ୍ତ ଉତ୍ତରଟି ଠିକ୍ ଥିଲା!,ਉਪਰੋਕਤ ਜਵਾਬ ਸਹੀ ਸੀ!,மேற்கண்ட பதில் சரியானது!,పై సమాధానం సరైనదే!
wrong_answer,"The above answer was wrong, correct answer is %s",ওপৰৰ উত্তৰটো ভুল আছিল। শুদ্ধ উত্তৰ হ'ল %s,উপরের উত্তরটি ভুল ছিল। সঠিক উত্তরটি হল %s,"La respuesta anterior fue incorrecta, la respuesta correcta es %s",ઉપરનો જવાબ ખોટો હતો. સાચો જવાબ %s છે,ऊपर दिया गया  उत्तर गलत था. सही उत्तर %s है,ಮೇಲಿನ ಉತ್ತರ ತಪ್ಪಾಗಿದೆ. ಸರಿಯಾದ ಉತ್ತರ %s ಆಗಿದೆ.,മുകളിൽ പറഞ്ഞ ഉത്തരം തെറ്റായിരുന്നു. ശരിയായ ഉത്തരം %s ആണ്,वरील उत्तर चुकीचे होते. बरोबर उत्तर %s आहे,ଉପରୋକ୍ତ ଉତ୍ତରଟି ଭୁଲ୍ ଥିଲା। ସଠିକ ଉତ୍ତର ହେଉଛି %s,ਉਪਰੋਕਤ ਜਵਾਬ ਗਲਤ ਸੀ। ਠੀਕ ਜਵਾਬ %s ਹੈ,மேற்கண்ட பதில் தவறானது. சரியான பதில் %s,పై సమాధానం తప్పు. సరైన సమాధానం %s
complete_registations,Complete registration,পঞ্জীয়ন সম্পূৰ্ণ কৰক,রেজিস্ট্রেশন সম্পূর্ণ করুন,Registro completo,નોંધણી પૂર્ણ કરો,पंजीकरण पूर्ण करें,ಸಂಪೂರ್ಣ ನೋಂದಣಿ,രജിസ്ട്രേഷൻ പൂർത്തിയാക്കൂ,नोंदणी पूर्ण करा,ସମ୍ପୂର୍ଣ୍ଣ ପଞ୍ଜିକରଣ,ਰਜਿਸਟ੍ਰੇਸ਼ਨ ਪੂਰੀ ਕਰੋ,பதிவு செயல்முறையை முடிக்கவும்,నమోదును పూర్తి చెయ్యండి
force_sync,Force Sync,জোৰপূর্বক ছিংক কৰক,জোরপূর্বক সিঙ্ক  করুন,Forzar sincronización,જબરદસ્તી સુમેળ,कृपया सिंक करें,ಬಲ ಸಿಂಕ್,നിർബന്ധിത സിങ്ക്,सक्तीने समक्रमण करा,ବାଧ୍ୟ ସିଙ୍କ୍,ਜ਼ਬਰਦਸਤੀ ਸਿੰਕ ਕਰੋ,சிங்க்கை கட்டாயமாக்குக,ఫోర్స్ సింక్
not_you,Not You?,আপুনি নহয়?,আপনি নন?,¿No es usted?,તમે નહિ?,आप नहीं?,ನೀನಲ್ಲ?,നിങ്ങൾ അല്ലെ?,तुम्ही नाही?,ତମକୁ ନୁହେଁ ତ?,ਤੁਸੀਂ ਨਹੀਂ?,இது நீங்கள் இல்லையா?,మీరు కాదా?
take_photo,Take Photo,ফটো তুলক,ফটো তুলুন,Tomar foto,ફોટો પાડો,फोटो लो,ಭಾವಚಿತ್ರವನ್ನು ತೆಗಿಯಿರಿ.,ഫോട്ടോ എടുക്കൂ,फोटो घ्या,ଫଟୋ ଉଠାନ୍ତୁ,ਫੋਟੋ ਖਿੱਚੋਂ,போட்டோ எடுக்கவும்,ఫోటో తీసుకోండి
error_taking_photo,Error while taking photo! Please retry.,ফটো তোলাৰ সময়ত ত্ৰুটি! অনুগ্ৰহ কৰি পুনৰ চেষ্টা কৰক।,ফটো তোলার সময় ত্রুটি হয়েছে! দয়া করে পুনরায় চেষ্টা করুন.,"¡Error al tomar la foto! Por favor, intenta de nuevo.",ફોટો લેતી વખતે ભૂલ! કૃપા કરીને ફરી પ્રયાસ કરો.,फ़ोटो लेते समय गलती हुई! कृपया फिर से कोशिश करें।,ಫೋಟೋ ತೆಗೆಯುವಾಗ ದೋಷ! ದಯವಿಟ್ಟು ಪ್ರಯತ್ನಿಸಿ.,ഫോട്ടോ എടുക്കുമ്പോൾ തെറ്റ് പറ്റിയിരിക്കുന്നു! ദയവായി വീണ്ടും ശ്രമിക്കൂ,फोटो काढताना चूक झाली! कृपया पुन्हा प्रयत्न करा.,ଫଟୋ ନେବା ସମୟରେ ତ୍ରୁଟି! ଦୟାକରି ପୁନର୍ବାର ଚେଷ୍ଟା କରନ୍ତୁ।,ਫ਼ੋਟੋ ਲੈਣ ਦੌਰਾਨ ਗਲਤੀ! ਕਿਰਪਾ ਕਰਕੇ ਮੁੜ-ਕੋਸ਼ਿਸ਼ ਕਰੋ।,போட்டோ எடுக்கும்போது பிழை ஏற்பட்டுவிட்டது! தயவுசெய்து மீண்டும் முயற்சிக்கவும்.,ఫోటో తీస్తున్నప్పుడు తప్పు జరిగింది! దయచేసి మళ్ళీ ప్రయత్నించండి.
retake_photo,Retake Photo,পুনৰ ফটো লওঁক,ফটো পুনরায় তুলুন,Retomar foto,ફોટો ફરીથી લો,फ़ोटो दोबारा लें,ಮತ್ತೆ ಭಾವಚಿತ್ರ ತೆಗೆಯಿರಿ.,ഫോട്ടോ വീണ്ടും എടുക്കൂ,फोटो  पुन्हा घ्या,ପୁଣି ଫଟୋ ଉଠାନ୍ତୁ,ਫੋਟੋ ਮੁੜ-ਖਿੱਚੋਂ,மீண்டும் போட்டோ எடுக்கவும்,ఫోటోను మళ్ళీ తీయండి
skipped,Skipped,এৰা হৈছে,এড়ানো হয়েছে,Saltado,છોડી દીધું,छोड़ा गया,ಬಿಟ್ಟುಬಿಟ್ಟರು.,സ്കിപ്പ് ചെയ്തു,वगळले,ବାଦ୍ ଦେଲା,ਛੱਡਿਆ,ஸ்கிப்பிட்,వదిలివేయబడింది
error_taking_video,Error while launching video! Please Retry,ভিডিঅ' আৰম্ভ কৰাৰ সময়ত ত্ৰুটি ! অনুগ্ৰহ কৰি পুনৰ চেষ্টা কৰক,ভিডিও চালু করার সময় সমস্যা হয়েছে! দয়া করে পুনরায় চেষ্টা করুন,"¡Error al iniciar el vídeo! Por favor, intenta de nuevo",વિડિઓ શરૂ કરતી વખતે ભૂલ! કૃપા કરીને ફરી પ્રયાસ કરો,वीडियो शुरू करते समय गलती हुई! कृपया फिर से कोशिश करें,ವೀಡಿಯೊವನ್ನು ಪ್ರಾರಂಭಿಸುವಾಗ ದೋಷ! ದಯವಿಟ್ಟು ಪ್ರಯತ್ನಿಸಿ.,വീഡിയോ ലോഞ്ച് ചെയ്യുമ്പോൾ തെറ്റ് പറ്റിയിരിക്കുന്നു! ദയവായി വീണ്ടും ശ്രമിക്കൂ,व्हिडिओ प्रक्षेपण करताना त्रुटी! कृपया पुन्हा प्रयत्न करा,ଭିଡିଓ ଆରମ୍ଭ କରିବା ସମୟରେ ତ୍ରୁଟି! ଦୟାକରି ପୁନର୍ବାର ଚେଷ୍ଟା କରନ୍ତୁ,ਵੀਡੀਓ ਲਾਂਚ ਕਰਨ ਦੇ ਦੌਰਾਨ ਤਰੁੱਟੀ! ਕਿਰਪਾ ਕਰਕੇ ਮੁੜ-ਕੋਸ਼ਿਸ਼ ਕਰੋ,வீடியோ லான்ச் செய்யும்போது பிழை ஏற்பட்டுவிட்டது! மீண்டும் முயற்சிக்கவும்,వీడియోను ప్రారంభించడంలో తప్పు జరిగింది! దయచేసి మళ్ళీ ప్రయత్నించండి
submit_profile,Submit Profile,প্ৰফাইল জমা দিয়ক,প্রোফাইল জমা দিন,Enviar perfil,પ્રોફાઇલ સબમિટ કરો,प्रोफ़ाइल सबमिट करें,ಪ್ರೊಫೈಲ್ ಸಲ್ಲಿಸಿ.,പ്രൊഫൈൽ സമർപ്പിക്കൂ,प्रोफाइल सबमिट करा,ପ୍ରୋଫାଇଲ୍ ଦାଖଲ କରନ୍ତୁ,ਪਰੋਫਾਇਲ ਭੇਜੋ,சுயவிவரத்தைச் சமர்ப்பிக்கவும்,ప్రొఫైల్‌ను సబ్మిట్ చేయండి
sync_already_in_progress,Sync is already in progress. Please try after 5 minutes!,ইতিমধ্যে ছিঙ্কৰ প্ৰতিক্ৰিয়া চলি আছে। অনুগ্ৰহ কৰি পাঁচ মিনিটৰ পিছত পুনৰ চেষ্টা কৰক!,ইতিমধ্যে সিঙ্ক পক্রিয়াটি চলছে৷ অনুগ্রহ করে পাঁচ মিনিট পরে চেষ্টা করুন!,La sincronización ya está en progreso. ¡Inténtalo después de 5 minutos!,સમન્વયન પહેલેથી જ ચાલુ છે. કૃપા કરીને 5 મિનિટ પછી પ્રયાસ કરો!,सिंक पहले से ही प्रगति पर है. कृपया पाँच मिनट बाद प्रयास करें!,ಸಿಂಕ್ ಈಗಾಗಲೇ ಪ್ರಗತಿಯಲ್ಲಿದೆ. ದಯವಿಟ್ಟು ಐದು ನಿಮಿಷಗಳ ನಂತರ ಪ್ರಯತ್ನಿಸಿ!,സിങ്ക് ചെയ്തുകൊണ്ടിരിക്കുകയാണ്. 5 മിനിറ്റിന് ശേഷം ശ്രമിക്കൂ!,समक्रमण आधीच प्रगतीपथावर आहे. कृपया ५ मिनिटांनंतर प्रयत्न करा!,ସିଙ୍କ୍ ପୂର୍ବରୁ ଚାଲିଛି। ଦୟାକରି 5 ମିନିଟ୍ ପରେ ଚେଷ୍ଟା କରନ୍ତୁ!,ਸਿੰਕ ਪਹਿਲਾਂ ਹੀ ਪ੍ਰਗਤੀ ਵਿੱਚ ਹੈ। ਕਿਰਪਾ ਕਰਕੇ 5 ਮਿੰਟਾਂ ਬਾਅਦ ਕੋਸ਼ਿਸ਼ ਕਰੋ!,சிங்க் ஏற்கனவே செயல்பாட்டில் உள்ளது. 5 நிமிடங்களுக்கு பிறகு மீண்டும் முயற்சிக்கவும்!,ప్రస్తుతం సింక్ జరుగుతోంది. దయచేసి 5 నిమిషాల తర్వాత ప్రయత్నించండి!
expired,Expired,ম্যাদ উকলিছে,মেয়াদোত্তীর্ণ,Expirado,સમાપ્ત,खत्म हो चुका,ಅವಧಿ ಮುಗಿದಿದೆ.,കാലഹരണപ്പെട്ടു,कालबाह्य झाले,ସମାପ୍ତ,ਮਿਆਦ ਪੁੱਗੀ,காலாவதியான,గడువు ముగిసింది
edit,Edit,এডিট কৰক,এডিট  করুন,Editar,સંપાદિત કરો,संपादित करें,ತಿದ್ದು.,എഡിറ്റ് ചെയ്യൂ,सुधारणे,ସମ୍ପାଦନ କରିବା,ਸੋਧ,திருத்து,ఎడిటింగ్
notification_channel_id,sync_notification_channel,ছিংক_ নটিফিকেচন_চেনেল,সিঙ্ক_নোটিফিকেশন_চ্যানেল,canal_notificación_sincronización,સમન્વય_સૂચના_ચેનલ,सिंक_अधिसूचना_चैनल,ಸಿಂಕ್_ನೋಟಿಕೇಶನ್_ಚಾನೆಲ್,സിങ്ക്_നോട്ടിഫിക്കേഷൻ_ചാനൽ,समक्रमित_सूचना_चॅनेल,ସୁସଙ୍ଗତ ସୂଚନା ଚ୍ୟାନେଲ,ਸਿੰਕ_ਨੋਟਿਫ਼ੀਕੇਸ਼ਨ_ਚੈਨਲ,அறிவிப்பு_சேனலை ஒத்திசைக்கவும்,సింక్_నోటిఫికేషన్_ఛానెల్
sync_channel_desc,Allow to receive notification whenever the app syncs with the server.,যেতিয়াই এপটোৱে চাৰ্ভাৰৰ সৈতে ছিঙ্ক কৰে তেতিয়াই নটিফিকেচন সমূহ গ্ৰহণ কৰাৰ অনুমতি দিয়ক।,যখন অ্যাপটি  সার্ভারের সাথে সিঙ্ক করবে তখন নোটিফিকেশন পাওয়ার জন্য অনুমতি দিন।,Permitir recibir notificaciones cada vez que la aplicación se sincronice con el servidor.,જ્યારે પણ એપ્લિકેશન સર્વર સાથે સમન્વયિત થાય છે ત્યારે સૂચના પ્રાપ્ત કરવાની મંજૂરી આપો.,जब भी ऐप सर्वर के साथ सिंक हो तो अधिसूचना प्राप्त करने की अनुमति दें।,ಆಪ್ ಸರ್ವರ್‌ನೊಂದಿಗೆ ಸಿಂಕ್ ಮಾಡಿದಾಗಲೆಲ್ಲಾ ಅಧಿಸೂಚನೆಯನ್ನು ಸ್ವೀಕರಿಸಲು ಅನುಮತಿಸಿ.,ആപ്പ് സെർവറുമായി സിങ്ക് ചെയ്യുമ്പോളെല്ലാം നോട്ടിഫിക്കേഷൻ സ്വീകരിക്കാൻ അനുവദിക്കൂ.,जेव्हाही अँप सर्व्हरसह समक्रमित होते तेव्हा सूचना प्राप्त करण्यास अनुमती द्या.,ଯେବେ ବି ଆପ୍ ସର୍ଭର ସହିତ ସିଙ୍କ୍ କରେ ତେବେ ସୂଚନା ଗ୍ରହଣ କରିବା ପାଇଁ ଅନୁମତି ଦିଅନ୍ତୁ।,ਐਪ ਦੇ ਸਰਵਰ ਨਾਲ ਸਿੰਕ ਕੀਤੇ ਜਾਣ 'ਤੇ ਸੂਚਨਾ ਪ੍ਰਾਪਤ ਹੋਣ ਦਿਓ।,ஆப் சர்வர் உடன் சிங்க் ஆகும்போது அறிவிப்பு பெறுவதை அனுமதியுங்கள்,యాప్ సర్వర్‌తో సింక్ అయిన ప్రతిసారి నోటిఫికేషన్‌ను స్వీకరించడానికి అనుమతించండి.
record_video,Record Video,ভিডিঅ' ৰেকৰ্ড কৰক,ভিডিও রেকর্ড করুন,Grabar video,વિડિઓ રેકોર્ડ કરો,वीडियो रिकॉर्ड करो,ವಿಡಿಯೋ ದಾಖಲಿಸಿ.,വീഡിയോ റെക്കോർഡ് ചെയ്യൂ,व्हिडिओ रिकॉर्ड करा,ରେକର୍ଡ଼ ଭିଡିଓ,ਵਿਡੀਓ ਰਿਕਾਰਡ ਕਰੋ,வீடியோவை பதிவு செய்க,వీడియో రికార్డ్ చేయండి
record_again,Record Again,পুনৰ ৰেকৰ্ড কৰক,পুনরায় রেকর্ড করুন,Grabar de nuevo,ફરીથી રેકોર્ડ કરો,दोबारा रिकॉर्ड करें,ಮತ್ತೆ ದಾಖಲಿಸಿ.,വീണ്ടും റെക്കോർഡ് ചെയ്യൂ,पुन्हा रिकॉर्ड करा,ପୁଣି ରେକର୍ଡ଼ କରନ୍ତୁ,ਦੁਬਾਰਾ ਰਿਕਾਰਡ ਕਰੋ,மீண்டும் பதிவு செய்க,మళ్ళీ రికార్డ్ చేయండి
output_not_found,%s Output not found,%s আউটপুট পোৱা নগ'ল,%s আউটপুট পাওয়া যায়নি,%s Salida no encontrada,%s આઉટપુટ મળ્યું નથી,%s आउटपुट नहीं मिला,%s ಔಟ್‌ಪುಟ್ ಕಂಡುಬಂದಿಲ್ಲ.,% ഔട്ട്പുട്ട് കണ്ടെത്തിയില്ല,%s आउटपुट सापडले नाही,%s ଫଳାଫଳ ମିଳିଲା ନାହିଁ,%s ਆਉਟਪੁੱਟ ਨਹੀਂ ਲੱਭੀ,%s வெளியீடு காணப்படவில்லை,%s అవుట్‌పుట్ కనుగొనబడలేదు
payments_welcome_message,Congratulations! You have earned Rs. %s.,অভিনন্দন! আপুনি %s টকা উপাৰ্জন কৰিছে।,অভিনন্দন! আপনি %s টাকা উপার্জন করেছেন,¡Felicidades! Has ganado Rs. %s.,અભિનંદન! તમને % રૂપિયા મળ્યા.,बधाई! आपने रु. %s कमाए हैं।,ಅಭಿನಂದನೆಗಳು! ನೀವು ರೂ. %s ಗಳಿಸಿದ್ದೀರಿ.,അഭിനന്ദനം! നിങ്ങൾ % രൂപ സമ്പാദിച്ചു.,अभिनंदन! तुम्ही रुपये %s कमावले आहेत.,ଅଭିନନ୍ଦନ! ଆପଣ କୋଟି କୋଟି ଟଙ୍କା ରୋଜଗାର କରିଛନ୍ତି। %s।,ਵਧਾਈ! ਤੁਸੀਂ %s ਰੁਪੈ ਕਮਾਏ ਹਨ।,வாழ்த்துகள்! நீங்கள் ரூ. %s சம்பாதித்துள்ளீர்கள் .,అభినందనలు! మీరు సంపాదించిన సొమ్ము రూ. %s.
payment_method,Please choose a method to get paid,অনুগ্ৰহ কৰি প্ৰাপ্য় ধ্ণ পাবলৈ এটি পদ্ধতি বাছি লওঁক।,অনুগ্রহ করে পারিশ্রমিক পেতে একটি পদ্ধতি বেছে নিন,Por favor elige un método para recibir el pago,કૃપા કરીને રકમ મેળવવા માટેની પદ્ધતિ પસંદ કરો,कृपया भुगतान पाने का एक तरीका चुनें,ದಯವಿಟ್ಟು ಪಾವತಿಸಲು ಒಂದು ವಿಧಾನವನ್ನು ಆಯ್ಕೆಮಾಡಿ.,പണം ലഭിക്കുന്നതിന് ദയവായി ഒരു മെത്തേഡ് തിരഞ്ഞെടുക്കൂ,कृपया पैसे मिळवण्यासाठी एक पद्धत निवडा,ଦୟାକରି ଦରମା ପାଇବା ପାଇଁ ଏକ ପଦ୍ଧତି ବାଛନ୍ତୁ,ਕਿਰਪਾ ਕਰਕੇ ਭੁਗਤਾਨ ਪ੍ਰਾਪਤ ਕਰਨ ਲਈ ਕੋਈ ਵਿਧੀ ਚੁਣੋ,பணம் பெற ஒரு முறையைத் தேர்வு செய்யவும்,దయచేసి చెల్లించడానికి ఒక పద్ధతిని ఎంచుకోండి
name,Please enter your name as it appears in your bank records,অনুগ্ৰহ কৰি আপোনাৰ বেংক ৰেকৰ্ডত দেখাৰ দৰে আপোনাৰ নাম প্ৰৱেশ কৰক,অনুগ্রহ করে আপনার ব্যাংক  রেকর্ডে যে নামটি প্রদর্শিত আছে আপনার সেই নামটি লিখুন,Por favor ingrese su nombre tal como aparece en sus registros bancarios,મહેરબાની કરીને તમારું નામ જેવી રીતે બેન્ક રેકોર્ડ્સ માં છે એવી રીતે જ દાખલ કરો,कृपया अपना नाम वही दर्ज करें जो आपके बैंक रिकॉर्ड में दिखाई देता है,ದಯವಿಟ್ಟು ನಿಮ್ಮ ಬ್ಯಾಂಕ್ ಖಾತೆಯಲ್ಲಿ ನಿಮ್ಮ ಹೆಸರನ್ನು ನಮೂದಿಸಿ.,നിങ്ങളുടെ ബാങ്ക് രേഖകളിൽ കാണുന്നതുപോലെ നിങ്ങളുടെ പേര് നൽകൂ,कृपया तुमचे नाव तुमच्या बँक रिकॉर्ड मध्ये दिसते तसे प्रविष्ट करा,ଦୟାକରି ଆପଣଙ୍କ ନାମ ଦିଅନ୍ତୁ କାରଣ ଏହା ଆପଣଙ୍କ ବ୍ୟାଙ୍କ ରେକର୍ଡରେ ଦେଖାୟାଇଥାଏ,ਕਿਰਪਾ ਕਰਕੇ ਆਪਣਾ ਨਾਮ ਦਾਖਲ ਕਰੋ ਜਿਵੇਂ ਕਿ ਇਹ ਤੁਹਾਡੇ ਬੈਂਕ ਰਿਕਾਰਡਾਂ ਵਿੱਚ ਦਿਖਾਈ ਦਿੰਦਾ ਹੈ,உங்கள் வங்கி ரெக்கார்டுகளில் இருப்பது போல உங்கள் பெயரை உள்ளிடவும்,దయచేసి మీ బ్యాంక్ రికార్డ్‌లలో కనిపించే విధంగా మీ పేరును నమోదు చేయండి
upi_request,Please enter your UPI,অনুগ্ৰহ কৰি আপোনাৰ ইউপিআই প্ৰৱেশ কৰক,অনুগ্রহ করে আপনার ইউপিআই লিখুন,Por favor ingresa tu UPI,કૃપા કરીને તમારું યુપીઆઈ દાખલ કરો,कृपया अपना यूपीआई: दर्ज करें,ದಯವಿಟ್ಟು ನಿಮ್ಮ ಯುಪಿಐ ನಮೂದಿಸಿ.,ദയവായി നിങ്ങളുടെ യുപിഐ നൽകൂ,कृपया तुमचा UPI प्रविष्ट करा,ଦୟାକରି ଆପଣଙ୍କର ୟୁପିଆଇ ଭରଣ କରନ୍ତୁ,ਕਿਰਪਾ ਕਰਕੇ ਆਪਣਾ ਯੂ.ਪੀ.ਆਈ ਦਰਜ ਕਰੋ,உங்கள் UPI-யை உள்ளிடவும்,దయచేసి మీ UPI  ని నమోదు చేయండి
bank_account_no_request,Please enter your bank account number,অনুগ্ৰহ কৰি আপোনাৰ বেংক খাতা নম্বৰ প্ৰৱেশ কৰক,অনুগ্রহ করে আপনার ব্যাঙ্ক অ্যাকাউন্ট নম্বরটি লিখুন,Por favor ingrese su número de cuenta bancaria,કૃપા કરીને તમારો બેંક એકાઉન્ટ નંબર દાખલ કરો,कृपया अपना बैंक खाता नंबर दर्ज करें,ದಯವಿಟ್ಟು ನಿಮ್ಮ ಬ್ಯಾಂಕ್ ಖಾತೆ ಸಂಖ್ಯೆಯನ್ನು ನಮೂದಿಸಿ.,ദയവായി നിങ്ങളുടെ ബാങ്ക് അക്കൗണ്ട് നമ്പർ നൽകൂ,कृपया तुमचा बँक खाते क्रमांक प्रविष्ट करा,ଦୟାକରି ନିଜର ବ୍ୟାଙ୍କ ଆକାଉଣ୍ଟ ନମ୍ବର ଦିଅନ୍ତୁ,ਕਿਰਪਾ ਕਰਕੇ ਆਪਣਾ ਬੈਂਕ ਖਾਤਾ ਨੰਬਰ ਦਾਖਲ ਕਰੋ,உங்கள் வங்கி கணக்கு எண்ணை உள்ளிடவும்,దయచేసి మీ బ్యాంక్ ఖాతా నంబర్‌ను నమోదు చేయండి
bank_ifsc_request,Please enter your ifsc as it appears on your passbook,অনুগ্ৰহ কৰি আপোনাৰ আইএফএছচি আপোনাৰ পাছবুকত দেখাৰ দৰে প্ৰৱেশ কৰক,অনুগ্রহ করে আপনার পাসবুকে প্রদর্শিত আইএফএসসি কোডটি লিখুন,Por favor ingrese su ifsc tal como aparece en su libreta,કૃપા કરીને તમારી પાસબુક પર દેખાય છે તેમ તમારું આઈએફએસસી દાખલ કરો,कृपया अपना आईएफएससी वैसा ही दर्ज करें जैसा वह आपकी पासबुक पर दिखता है,ದಯವಿಟ್ಟು ನಿಮ್ಮ ಪಾಸ್‌ಬುಕ್‌ನಲ್ಲಿ ಕಾಣಿಸುವಂತೆ ನಿಮ್ಮ ಐಎಫ್ಎಸ್ಸಿ  ಅನ್ನು ನಮೂದಿಸಿ.,നിങ്ങളുടെ പാസ്ബുക്കിൽ കാണുന്നതുപോലെ നിങ്ങളുടെ ifsc നൽകൂ,कृपया तुमच्या पासबुकवर जसे दिसते तसे तुमचा ifsc प्रविष्ट करा,ଦୟାକରି ଆପଣଙ୍କର ଆଇ ଏଫ ଏସ ସି  କୁ ଭରଣ କରନ୍ତୁ ଯେପରି ଏହା ଆପଣଙ୍କ ପାସ୍ବୁକ୍ରେ ଦେଖାୟାଇଥାଏ,ਕਿਰਪਾ ਕਰਕੇ ਆਪਣੀ ਆਈ ਏਫ਼ ਏਸ ਸੀ ਦਾਖਲ ਕਰੋ ਜਿਵੇਂ ਕਿ ਇਹ ਤੁਹਾਡੀ ਪਾਸਬੁੱਕ 'ਤੇ ਦਿਖਾਈ ਦਿੰਦਾ ਹੈ,உங்கள் பாஸ்புக்கில் உள்ளது போல உங்கள் ifscயை உள்ளிடவும்,దయచేసి మీ పాస్‌బుక్‌లో ఉన్న విధంగా మీ ifscని నమోదు చేయండి
account_info_processing,Please wait while we are processing your bank account information. Come back and check later.,যেতিয়া লৈ আমি আপোনাৰ বেংক একাউণ্টৰ তথ্য প্ৰক্ৰিয়াকৰণ কৰি আছো অনুগ্ৰহ কৰি অপেক্ষা কৰক। পিছত উভতি আহক আৰু পৰীক্ষা কৰক।,যতক্ষণ আমরা আপনার ব্যাংক একাউন্টের তথ্য প্রক্রিয়াকরণ করছি ততক্ষণ অনুগ্রহ করে অপেক্ষা করুন। পরে ফিরে এসে চেক করুন।,Espere mientras procesamos la información de su cuenta bancaria. Vuelve y compruébalo más tarde.,અમે તમારી બેંક એકાઉન્ટ માહિતી પર પ્રક્રિયા કરી રહ્યા છીએ ત્યાં સુધી કૃપા કરીને રાહ જુઓ. પાછા આવો અને પછી તપાસો.,"जब तक हम आपके बैंक खाते की जानकारी संसाधित कर रहे हैं, कृपया प्रतीक्षा करें। वापस आएँ और बाद में जाँचें।",ನಿಮ್ಮ ಬ್ಯಾಂಕ್ ಖಾತೆ ಮಾಹಿತಿಯನ್ನು ನಾವು ಪ್ರಕ್ರಿಯೆಗೊಳಿಸುತ್ತಿರುವಾಗ ದಯವಿಟ್ಟು ನಿರೀಕ್ಷಿಸಿ. ಹಿಂತಿರುಗಿ ಮತ್ತು ನಂತರ ಪರಿಶೀಲಿಸಿ.,നിങ്ങളുടെ ബാങ്ക് അക്കൗണ്ട് വിവരങ്ങൾ ഞങ്ങൾ പ്രോസസ്സ് ചെയ്യുമ്പോൾ ദയവായി കാത്തിരിക്കൂ. തിരികെ വന്ന് പിന്നീട് പരിശോധിക്കൂ.,कृपया आम्ही तुमच्या बँक खात्याच्या माहितीवर प्रक्रिया करत असताना प्रतीक्षा करा. परत या आणि नंतर तपासा.,ଦୟାକରି ଅପେକ୍ଷା କରନ୍ତୁ ଯେତେବେଳେ ଆମେ ଆପଣଙ୍କର ବ୍ୟାଙ୍କ ଖାତା ସୂଚନାକୁ ପ୍ରକ୍ରିୟାକରଣ କରୁ। ପରେ ଫେରି ଆସି ଯାଞ୍ଚ କରନ୍ତୁ।,ਕਿਰਪਾ ਕਰਕੇ ਉਡੀਕੋ ਜਦ ਤੱਕ ਅਸੀਂ ਤੁਹਾਡੇ ਬੈਂਕ ਖਾਤੇ ਦੀ ਜਾਣਕਾਰੀ 'ਤੇ ਪ੍ਰਕਿਰਿਆ ਕਰ ਰਹੇ ਹੁੰਦੇ ਹਾਂ। ਵਾਪਸ ਆਓ ਅਤੇ ਬਾਅਦ ਵਿੱਚ ਜਾਂਚ ਕਰੋ।,உங்கள் வங்கி தகவல்களை நாங்கள் செயலாக்கும் வரை காத்திருக்கவும். சிறிது நேரம் கழித்து மீண்டும் முயற்சிக்கவும்.,మేము మీ బ్యాంక్ ఖాతా సమాచారాన్ని ప్రాసెస్ చేస్తున్నప్పుడు దయచేసి వేచి ఉండండి. తిరిగి వచ్చి తర్వాత తనిఖీ చేయండి.
payment_confirmation_message,"We have sent you 2 Rs. on your bank account, did you receive the amount?",আমি আপোনাৰ বেংক খাতা ত দুই টকা পঠাইছো। আপুনি ধন ৰাশি পাইছিল নেকি?,আমরা আপনার ব্যাঙ্ক অ্যাকাউন্টে ২ টাকা পাঠিয়েছি। আপনি কি সেই টাকাটি পেয়েছেন?,"Le hemos enviado 2 Rs. en tu cuenta bancaria, ¿recibiste el importe?",અમે તમારાં બેંક ખાતામાં 2 રૂપિયા મોકલયા છે. શું તમને રૂપિયા મળ્યા?,हमने आपको दो रुपये भेजे हैं. आपके बैंक खाते पर. क्या आपको राशि प्राप्त हुई?,ನಾವು ನಿಮಗೆ 2 ರೂ ಕಳುಹಿಸಿದ್ದೇವೆ. ನಿಮ್ಮ ಬ್ಯಾಂಕ್ ಖಾತೆಯಲ್ಲಿ. ನೀವು ಮೊತ್ತವನ್ನು ಸ್ವೀಕರಿಸಿದ್ದೀರಾ?,ഞങ്ങൾ നിങ്ങളുടെ ബാങ്ക് അക്കൗണ്ടിലേക്ക് 2 രൂപ അയച്ചിട്ടുണ്ട്. നിങ്ങൾക്ക് തുക ലഭിച്ചുവോ?,आम्ही तुम्हाला २ रुपये तुमच्या बँक खात्यावर पाठवले आहेत. तुम्हाला रक्कम मिळाली का?,ଆମେ ତୁମକୁ 2 ହଜାର ଟଙ୍କା ପଠାଇଛୁ। ନିଜ ବ୍ୟାଙ୍କ ଆକାଉଣ୍ଟରେ..। ଟଙ୍କା ମିଳିଲା କି?,ਅਸੀਂ ਤੁਹਾਨੂੰ ਤੁਹਾਡੇ ਬੈਂਕ ਖਾਤੇ 'ਤੇ 2 ਰੁਪਏ ਭੇਜੇ ਹਨ। ਕੀ ਤੁਹਾਨੂੰ ਰਕਮ ਪ੍ਰਾਪਤ ਹੋਈ ਸੀ?,உங்கள் வங்கி கணக்கிற்கு 2 ரூ அனுப்பியுள்ளோம். நீங்கள் தொகையைப் பெற்றுவிட்டீர்களா?,మీ బ్యాంకు ఖాతాకు మేము రూ.2లు పంపించాము. మీకు అందిందా?
payment_registration_failed,Bank account registration failed %s,বেংক একাউণ্ট পঞ্জীয়ন বিফল হৈছে %s,ব্যাঙ্ক অ্যাকাউন্ট রেজিস্ট্রেশন ব্যর্থ হয়েছে %s,Error al registrar la cuenta bancaria %s,બેંક એકાઉન્ટ નોંધણી નિષ્ફળ %s,बैंक खाता पंजीकरण विफल %s।,ಬ್ಯಾಂಕ್ ಖಾತೆ ನೋಂದಣಿ ವಿಫಲವಾಗಿದೆ. %s,ബാങ്ക് അക്കൗണ്ട് രജിസ്ട്രേഷൻ % പരാജയപ്പെട്ടു,बँक खाते नोंदणी अयशस्वी %s,ବ୍ୟାଙ୍କ ଖାତା ପଞ୍ଜିକରଣ %s ବିଫଳ ହୋଇଛି,ਬੈਂਕ ਖਾਤੇ ਦੀ ਰਜਿਸਟ੍ਰੇਸ਼ਨ ਅਸਫਲ %s ਰਹੀ,வங்கி கணக்கு எண் பதிவு %s தோல்வியடைந்தது,బ్యాంక్ ఖాతా నమోదు విఫలమైంది %s
payment_registration_rejected,We cannot confirm if you received 2 Rs.,আপুনি দুই টকা লাভ কৰিলে নে নাই আমি নিশ্চিত কৰিব পৰা নাই।,আপনি ২ টাকা পেয়েছেন কিনা তা আমরা নিশ্চিত করতে পারছি না।,No podemos confirmar si recibió 2 Rs.,અમે પુષ્ટિ કરી શકતા નથી કે તમને 2 રૂ મળ્યા,हम इसकी पुष्टि नहीं कर सकते कि आपको दो रुपये मिले या नहीं।,ನೀವು ೨ ರೂ ಪಡೆದಿದ್ದರೆ ನಾವು ಖಚಿತಪಡಿಸಲು ಸಾಧ್ಯವಿಲ್ಲ.,നിങ്ങൾക്ക് 2 രൂപ ലഭിച്ചിട്ടുണ്ടോ എന്ന് ഞങ്ങൾക്ക് സ്ഥിരീകരിക്കാൻ കഴിയില്ല.,तुम्हाला 2 रुपये मिळाले आहेत की नाही याची आम्ही पुष्टी करू शकत नाही.,ଆପଣ 2 ହଜାର ଟଙ୍କା ପାଇଲେ ଆମେ ନିଶ୍ଚିତ ହୋଇପାରିବୁ ନାହିଁ।,ਅਸੀਂ ਪੁਸ਼ਟੀ ਨਹੀਂ ਕਰ ਸਕਦੇ ਕਿ ਕੀ ਤੁਹਾਨੂੰ 2 ਰੁਪਏ ਪ੍ਰਾਪਤ ਹੋਏ ਹਨ।,நீங்கள் 2 ரூ. பெற்றுள்ளீர்களா என்பதை எங்களால் உறுதிசெய்ய முடியவில்லை,మీరు రూ. 2 అందుకున్నారో లేదో మేము నిర్ధారించలేము.
cannot_connect_to_server,We are not able to connect to the server. Please contact support.,আমি চাৰ্ভাৰৰ সৈতে সংযোগ কৰিব পৰা নাই। অনুগ্ৰহ কৰি সাহাৰ্য্য়ৰ সৈতে যোগাযোগ কৰক।,আমরা সার্ভারের সাথে সংযোগ করতে পারছি না। অনুগ্রহ করে সাপোর্টের সাথে  যোগাযোগ করুন.,No podemos conectarnos al servidor. Por favor contacte al soporte.,અમે સર્વર સાથે કનેક્ટ કરવામાં સક્ષમ નથી. કૃપા કરીને સપોર્ટનો સંપર્ક કરો.,हम सर्वर से कनेक्ट नहीं कर पा रहे हैं. कृपया समर्थन से संपर्क करें.,ಸರ್ವರ್‌ಗೆ ಸಂಪರ್ಕಿಸಲು ನಮಗೆ ಸಾಧ್ಯವಾಗುತ್ತಿಲ್ಲ. ದಯವಿಟ್ಟು ಬೆಂಬಲವನ್ನು ಸಂಪರ್ಕಿಸಿ.,സെർവറിലേക്ക് കണക്റ്റുചെയ്യാൻ ഞങ്ങൾക്ക് കഴിയുന്നില്ല. സപ്പോർട്ടുമായി ബന്ധപ്പെടൂ.,आम्ही सर्व्हरशी जोडले जाऊ शकत नाही. कृपया समर्थनाशी संपर्क साधा.,ଆମେ ସର୍ଭର ସହ ସଂୟୋଗ କରିପାରୁନାହୁଁ। ଦୟାକରି ସମର୍ଥନ ସହିତ ସମ୍ପର୍କ କରନ୍ତୁ।,ਅਸੀਂ ਸਰਵਰ ਨਾਲ ਕਨੈਕਟ ਕਰਨ ਦੇ ਯੋਗ ਨਹੀਂ ਹਾਂ। ਕਿਰਪਾ ਕਰਕੇ ਸਹਾਇਤਾ ਨਾਲ ਸੰਪਰਕ ਕਰੋ।,எங்களால் சர்வர் உடன் தொடர்புகொள்ள முடியவில்லை. உதவி மையத்தைத் தொடர்புகொள்க.,మేము సర్వర్‌కి కనెక్ట్ చేయలేకపోతున్నాము. దయచేసి సపోర్ట్ టీంను సంప్రదించండి.
account_number_did_not_match,Bank account number did not match!,বেংক খাতা নম্বৰটি মিল খোৱা নাই!,ব্যাঙ্ক অ্যাকাউন্ট নম্বরটি মেলেনি!,¡El número de cuenta bancaria no coincide!,બેંક એકાઉન્ટ નંબર મેળ ખાતો નથી!,बैंक खाता संख्या मेल नहीं खा रही!,ಬ್ಯಾಂಕ್ ಖಾತೆ ಸಂಖ್ಯೆ ಹೊಂದಿಕೆಯಾಗುತ್ತಿಲ್ಲ.,ബാങ്ക് അക്കൗണ്ട് നമ്പർ പൊരുത്തപ്പെടുന്നില്ല!,बँक खाते क्रमांक जुळला नाही!,ବ୍ୟାଙ୍କ ଖାତା ନମ୍ବର ମେଳ ଖାଇଲାନି!,ਬੈਂਕ ਖਾਤਾ ਨੰਬਰ ਮੇਲ ਨਹੀਂ ਖਾਂਦਾ ਸੀ!,வங்கி கணக்கு எண் பொருந்தவில்லை!,బ్యాంక్ ఖాతా నంబర్ సరిపోలలేదు!
upi_ids_did_not_match,Entered upi ids did not match!,প্ৰৱেশ কৰা ইউপিআই আইডি সমূহ মিল খোৱা নাই!,এন্টার করা ইউপিআই আইডিটি মেলেনি!,¡Los ID de upi ingresados ​​no coinciden!,દાખલ કરેલ યુપીઆઈ આઈડી મેળ ખાતી નથી!,दर्ज की गई यूपीआई आईडी मेल नहीं खा रही!,ನಮೂದಿಸಿದ ಯುಪಿಐ ಐಡಿಗಳು ಹೊಂದಿಕೆಯಾಗುತ್ತಿಲ್ಲ!,നൽകിയ upi ഐഡികൾ പൊരുത്തപ്പെടുന്നില്ല!,प्रविष्ट केलेला upi आयडी जुळला नाही!,ପ୍ରବେଶ କରିଥିବା ୟୁ ପି ଆଇ  ମେଳ ଖାଉ ନାହିଁ!,ਦਾਖਲ ਕੀਤੇ ਯੂ.ਪੀ.ਆਈ. ਆਈਡੀ ਮੇਲ ਨਹੀਂ ਖਾਂਦੇ!,உள்ளிடப்பட்ட UPI ஐடிக்கள் பொருந்தவில்லை,నమోదు చేసిన upi idలు సరిపోలలేదు!
bank_account_no_request_verification,Please enter your bank account no. again,অনুগ্ৰহ কৰি পুনৰ বেংক খাতা নম্বৰ প্ৰৱেশ কৰক,অনুগ্রহ করে পুনরায় আপনার ব্যাঙ্ক অ্যাকাউন্ট নম্বরটি লিখুন,Por favor ingrese su número de cuenta bancaria de nuevo,કૃપા કરીને ફરીથી તમારા બેંક એકાઉન્ટ નંબર દાખલ કરો.,कृपया अपना बैंक खाता नंबर  दोबारा दर्ज करें |,ದಯವಿಟ್ಟು ನಿಮ್ಮ ಬ್ಯಾಂಕ್ ಖಾತೆಯನ್ನು ಮತ್ತೊಮ್ಮೆ ನಮೂದಿಸಿ.,ദയവായി നിങ്ങളുടെ ബാങ്ക് അക്കൗണ്ട് നമ്പർ വീണ്ടും നൽകൂ,कृपया तुमचा बँक खाते क्रमांक पुन्हा प्रविष्ट करा,ଦୟାକରି ଆପଣଙ୍କର ବ୍ୟାଙ୍କ ଆକାଉଣ୍ଟ ନଂ ପ୍ରବେଶ କରନ୍ତୁ | ପୁନର୍ବାର,ਕਿਰਪਾ ਕਰਕੇ ਆਪਣਾ ਬੈਂਕ ਖਾਤਾ ਨੰਬਰ ਦੁਬਾਰਾ ਦਾਖਲ ਕਰੋ,உங்கள் வங்கி கணக்கு எண்ணை மீண்டும் உள்ளீடுங்கள்,దయచేసి మళ్ళీ మీ బ్యాంక్ ఖాతా సంఖ్యను నమోదు చేయండి.
upi_request_verification,Please enter your UPI ID again,অনুগ্ৰহ কৰি আপোনাৰ ইউপিআই আইডি পুনৰ প্ৰৱেশ কৰক,অনুগ্রহ করে পুনরায় আপনার ইউপিআই আইডি লিখুন,Por favor ingrese su ID de UPI nuevamente,કૃપા કરીને તમારું યુપીઆઈ આઈડી ફરીથી દાખલ કરો,कृपया अपनी यूपीआई:आईडी दोबारा दर्ज करें,ದಯವಿಟ್ಟು ನಿಮ್ಮ ಯುಪಿಐ  ಐಡಿಯನ್ನು ಮತ್ತೊಮ್ಮೆ ನಮೂದಿಸಿ.,നിങ്ങളുടെ UPI ഐഡി വീണ്ടും നൽകൂ,कृपया तुमचा UPI आयडी पुन्हा प्रविष्ट करा,ଦୟାକରି ପୁନର୍ବାର ଆପଣଙ୍କର ୟୁ ପି ଆଇ ଆଇ ଡି ପ୍ରବେଶ କରନ୍ତୁ |,ਕਿਰਪਾ ਕਰਕੇ ਆਪਣੀ ਯੂ.ਪੀ.ਆਈ ਆਈ.ਡੀ ਦੁਬਾਰਾ ਦਰਜ ਕਰੋ,உங்கள் UPI ஐடியை மீண்டும் உள்ளீடுங்கள்,దయచేసి మీ UPI IDని మళ్ళీ నమోదు చేయండి
no_internet,Please check your internet connection!,অনুগ্ৰহ কৰি আপোনাৰ ইণ্টাৰনেট সংযোগ পৰীক্ষা কৰক!,অনুগ্রহ করে আপনার ইন্টারনেট সংযোগ পরীক্ষা করুন!,¡Por favor revise su conexion al internet!,કૃપા કરીને તમારું ઇન્ટરનેટ કનેક્શન તપાસો!,कृपया अपने इंटरनेट कनेक्शन की जाँच करें!,ದಯವಿಟ್ಟು ನಿಮ್ಮ ಇಂಟರ್ನೆಟ್ ಸಂಪರ್ಕವನ್ನು ಮತ್ತೊಮ್ಮೆ ಪರಿಶೀಲಿಸಿ!,ദയവായി നിങ്ങളുടെ ഇന്റർനെറ്റ് കണക്ഷൻ പരിശോധിക്കൂ!,कृपया तुमचे इंटरनेट कनेक्शन तपासा!,ଦୟାକରି ଆପଣଙ୍କର ଇଣ୍ଟରନେଟ୍ ସଂୟୋଗ ଯାଞ୍ଚ କରନ୍ତୁ!,ਕਿਰਪਾ ਕਰਕੇ ਆਪਣੇ ਇੰਟਰਨੈੱਟ ਕਨੈਕਸ਼ਨ ਦੀ ਜਾਂਚ ਕਰੋ!,உங்கள் இன்டர்நெட் இணைப்பை சரிபாருங்கள்!,దయచేసి మీ ఇంటర్నెట్ కనెక్షన్‌ని తనిఖీ చేయండి!
uploaded_file_removed,"File not available, uploaded files are removed from the device!",ফাইল উপলব্ধ নহয়।আপল'ড কৰা ফাইলসমূহ ডিভাইচৰ পৰা আঁতৰোৱা হৈছে!,ফাইল উপলব্ধ নেই। আপলোড করা ফাইলগুলো ডিভাইস থেকে অপসারিত করা হয়েছে!,"Archivo no disponible, los archivos cargados se eliminan del dispositivo.",ફાઇલ ઉપલબ્ધ નથી. અપલોડ કરેલી ફાઇલો ઉપકરણમાંથી દૂર કરવામાં આવે છે!,फ़ाइल उपलब्ध नहीं है। अपलोड की गई फ़ाइलें डिवाइस से हटा दी जाती हैं!,ಫೈಲ್ ಲಭ್ಯವಿಲ್ಲ. ಅಪ್‌ಲೋಡ್ ಮಾಡಿದ ಫೈಲ್‌ಗಳನ್ನು ಸಾಧನದಿಂದ ತೆಗೆದುಹಾಕಲಾಗಿದೆ!,ഫയൽ ലഭ്യമല്ല. അപ്‌ലോഡ് ചെയ്‌ത ഫയലുകൾ ഉപകരണത്തിൽ നിന്ന് നീക്കം ചെയ്തിരിക്കുന്നു!,फाइल उपलब्ध नाही. अपलोड केलेल्या फाइल्स डिव्हाइसवरून काढल्या जातात!,ଫାଇଲ ଉପଲବ୍ଧ ନାହିଁ। ଅପଲୋଡ ହୋଇଥିବା ଫାଇଲଗୁଡ଼ିକୁ ଉପକରଣରୁ ହଟାଇ ଦିଆୟାଏ!,ਫਾਇਲ ਉਪਲੱਬਧ ਨਹੀਂ ਹੈ । ਅੱਪਲੋਡ ਕੀਤੀਆਂ ਫ਼ਾਈਲਾਂ ਨੂੰ ਡਿਵਾਈਸ ਤੋਂ ਹਟਾ ਦਿੱਤਾ ਜਾਂਦਾ ਹੈ!,பைல் கிடைக்கவில்லை. சாதனத்தில் இருந்து அப்லோட் செய்யப்பட்ட பைல்கள் அகற்றப்பட்டன!,ఫైల్ అందుబాటులో లేదు. అప్‌లోడ్ చేసిన ఫైల్స్ డివైస్ నుండి తీసివేయబడ్డాయి!
no_logged_in_worker,No Logged in worker!,লগইন কৰা কোনো কৰ্মী নাই!,কোনো লগইন করা কর্মী নেই !,¡Ningún trabajador ha iniciado sesión!,કોઈ કામદાર નથી !,कोई लॉग इन कर्मचारी नहीं!,ಕೆಲಸಗಾರನು ಲಾಗ್ ಇನ್ ಆಗಿಲ್ಲ!,ലോഗ് ഇൻ വർക്കർ ഇല്ല!,कामगार लॉग इन नाही!,କୌଣସି ଶ୍ରମିକଙ୍କୁ ଲଗଇନ କରାୟାଇ ନାହିଁ!,ਕੋਈ ਲੌਗਇਨ ਕੀਤਾ ਵਰਕਰ ਨਹੀਂ!,பதிவு செய்த  தொழிலாளி  இல்லை!,ఉద్యోగి లాగిన్ కాలేదు!
updating_expired_assignments,Updating expired assignment,মেয়াদ উকলি যোৱা এচাইনমেণ্ট আপডেট কৰা হৈছে,মেয়াদোত্তীর্ণ অ্যাসাইনমেন্ট আপডেট করা হচ্ছে,Actualizando tarea caducada,સમાપ્ત થયેલી નોંધણી અપડેટ થઇ રહી છે,समाप्त हो चुके असाइनमेंट को अद्यतन किया जा रहा है,ಅವಧಿ ಮೀರಿದ ನಿಯೋಜನೆಯನ್ನು ನವೀಕರಿಸಲಾಗುತ್ತಿದೆ.,കാലഹരണപ്പെട്ട അസൈൻമെന്റ് അപ്ഡേറ്റ് ചെയ്യുന്നു,कालबाह्य असाइनमेंट अपडेट करत आहे,ଅବଧି ସମାପ୍ତ ହୋଇଥିବା କାର୍ୟ୍ୟକୁ ଅଦ୍ୟତନ କରୁଅଛି,ਮਿਆਦ ਪੁੱਗੀ ਅਸਾਈਨਮੈਂਟ ਨੂੰ ਅੱਪਡੇਟ ਕੀਤਾ ਜਾ ਰਿਹਾ ਹੈ,காலாவதியான வேலை புதுப்பிக்கப்படுகிறது.,గడువు ముగిసిన అసైన్‌మెంట్‌లను అప్‌డేట్ చేస్తున్నాం
sending_db_updated,Sending database updates,ডাটাবেছ আপডেইটসমূহ প্ৰেৰণ কৰা হৈছে,ডেটাবেসের আপডেটগুলি পাঠানো হচ্ছে,Enviando actualizaciones del base de datos,ડેટાબેઝ અપડેટ મોકલવામાં આવી રહી છે.,डेटाबेस अद्यतन भेजा जा रहा है,ಡೇಟಾಬೇಸ್ ನವೀಕರಣಗಳನ್ನು ಕಳುಹಿಸಲಾಗುತ್ತಿದೆ.,ഡാറ്റാബേസ് അപ്ഡേറ്റുകൾ അയയ്ക്കുന്നു,डेटाबेस अपडेट पाठवत आहे,ଡାଟାବେସ୍ ଅଦ୍ୟତନଗୁଡ଼ିକୁ ପଠାଉଅଛି,ਡਾਟਾਬੇਸ ਅੱਪਡੇਟ ਭੇਜੇ ਜਾ ਰਹੇ ਹਨ,தரவுத்தள புதுப்பிப்புகளை அனுப்புகிறது,డేటాబేస్ అప్‌డేట్‌లను పంపుతోంది
receiving_db_updates,Receiving database update,ডাটাবেছ আপডেইটসমূহ গ্ৰহণ কৰা হৈছে,ডেটাবেসের আপডেটগুলি গ্রহণ করা হচ্ছে,Recibiendo actualización del base de datos,ડેટાબેઝ અપડેટ પ્રાપ્ત કરવામાં આવી અર્હી છે,डेटाबेस अद्यतन प्राप्त हो रहा है,ಡೇಟಾಬೇಸ್ ನವೀಕರಣಗಳನ್ನು ಸ್ವೀಕರಿಸಲಾಗುತ್ತಿದೆ.,ഡാറ്റാബേസ് അപ്ഡേറ്റ് സ്വീകരിക്കുന്നു,डेटाबेस अपडेट प्राप्त करत आहे,ଡାଟାବେସ ଅଦ୍ୟତନ ଗ୍ରହଣ କରୁଅଛି,ਡਾਟਾਬੇਸ ਅੱਪਡੇਟ ਪ੍ਰਾਪਤ ਕੀਤਾ ਜਾ ਰਿਹਾ ਹੈ,தரவுத்தள புதுப்பிப்பைப் பெறுகிறது,డేటాబేస్ నవీకరణను స్వీకరిస్తోంది
downloading_input_files,Downloading input files,ইনপুট ফাইলসমূহ ডাউনলোড কৰা হৈছে,ইনপুট ফাইলগুলি ডাউনলোড করা হচ্ছে,Descargando archivos de entrada,ઈનપુટ ફાઇલો ડાઉનલોડ કરવામાં આવી રહી છે,इनपुट फ़ाइलें डाउनलोड हो रही हैं,ಇನ್‌ಪುಟ್ ಫೈಲ್‌ಗಳನ್ನು ಡೌನ್‌ಲೋಡ್ ಮಾಡಲಾಗುತ್ತಿದೆ.,ഇൻപുട്ട് ഫയലുകൾ ഡൗൺലോഡ് ചെയ്യുന്നു,इनपुट फाइल्स डाउनलोड करत आहे,ନିବେଶ ଫାଇଲଗୁଡ଼ିକୁ ଆହରଣ କରୁଅଛି,ਇੰਪੁੱਟ ਫਾਇਲਾਂ ਡਾਊਨਲੋਡ ਕੀਤੀਆਂ ਜਾ ਰਹੀਆਂ ਹਨ,உள்ளீட்டு பைல்கள் டவுன்லோட் ஆகிறது,ఇన్‌పుట్ ఫైల్‌లను డౌన్‌లోడ్ చేస్తోంది
fetching_verified_assignments,Fetching verified assignments,পৰীক্ষিত এচাইনমেণ্ট সমূহ আনা হৈছে,পরীক্ষিত অ্যাসাইনমেন্টগুলি আনা হচ্ছে,Obteniendo asignaciones verificadas,ચકાસાયેલ સોંપણીઓનું અનાયન કરી રહ્યું છે,सत्यापित असाइनमेंट लाये जा रहे हैं,ಪರಿಶೀಲಿಸಿದ ಕಾರ್ಯಯೋಜನೆಗಳನ್ನು ಪಡೆಯಲಾಗುತ್ತಿದೆ.,പരിശോധിച്ച അസൈൻമെന്റുകൾ ലഭ്യമാക്കുന്നു,सत्यापित असाइनमेंट प्राप्त करत आहे,ଯାଞ୍ଚ କରାୟାଇଥିବା କାର୍ୟ୍ୟଗୁଡ଼ିକୁ ଗ୍ରହଣ କରୁଅଛି,ਪੁਸ਼ਟੀ ਕੀਤੇ ਅਸਾਈਨਮੈਂਟ ਲਏ ਜਾ ਰਹੇ ਹਨ,சரிபார்க்கப்பட்ட அசைன்மென்ட்கள் பெறப்படுகிறது,ధృవీకరించబడిన అసైన్‌మెంట్‌లను పొందుతోంది
uploading_output_files,Uploading output files,আউটপুট ফাইলসমূহ আপল'ড কৰা হৈছে,আউটপুট ফাইলগুলি আপলোড করা হচ্ছে,Cargando archivos de salida,આઉટપુટ ફાઇલો અપલોડ કરવામાં આવી રહી છે,आउटपुट फ़ाइलें अपलोड करें,ಔಟ್‌ಪುಟ್ ಫೈಲ್‌ಗಳನ್ನು ಅಪ್‌ಲೋಡ್ ಮಾಡಲಾಗುತ್ತಿದೆ.,ഔട്ട്‌പുട്ട് ഫയലുകൾ അപ്‌ലോഡ് ചെയ്യുന്നു,आउटपुट फाइल्स अपलोड करत आहे,ଆଉଟପୁଟ ଫାଇଲଗୁଡ଼ିକୁ ଅପଲୋଡ କରୁଅଛି,ਆਉਟਪੁੱਟ ਫਾਇਲਾਂ ਅੱਪਲੋਡ ਕੀਤੀਆਂ ਜਾ ਰਹੀਆਂ ਹਨ,வெளியீடு பைல்கள் அப்லோட் ஆகிறது,అవుట్‌పుట్ ఫైల్‌లను అప్‌లోడ్ చేస్తోంది
full_name_prompt,Full Name,সম্পূৰ্ণ নাম,সম্পূর্ণ নাম,Nombre completo,પૂરું નામ,पूरा नाम,ಪೂರ್ಣ ಹೆಸರು,മുഴുവൻ പേര്,पूर्ण नाव,ପୁରା ନାମ,ਪੂਰਾ ਨਾਂਮ,முழு பெயர்,పూర్తి పేరు
phone_number_prompt,Phone number,ফোন নম্বৰ,ফোন নম্বর,Número de teléfono,ફોન નંબર,फ़ोन नंबर,ದೂರವಾಣಿ ಸಂಖ್ಯೆ,ഫോൺ നമ്പർ,फोन नंबर,ଫୋନ ନମ୍ବର,ਫੋਨ ਨੰਬਰ,தொலைபேசி எண்,ఫోను నంబరు
state_prompt,State,ৰাজ্য,রাজ্য,Estado,રાજ્ય,राज्य,ರಾಜ್ಯ,സംസ്ഥാനം,राज्य,ରାଜ୍ୟ,ਰਾਜ,மாநிலம்,రాష్ట్రం
district_prompt,District,জিলা,জেলা,Distrito,જિલ્લો,जिला,ಜಿಲ್ಲೆ,ജില്ല,जिल्हा,ଜିଲ୍ଲା,ਜ਼ਿਲ੍ਹਾ,மாவட்டம்,జిల్లా
village_prompt,Village Name,গাঁৱৰ নাম,গ্রামের নাম,Nombre de aldea,ગામનું નામ,गांव का नाम,ಗ್ರಾಮದ ಹೆಸರು,ഗ്രാമത്തിന്റെ പേര്,गावाचे नाव,ଗାଁ ର ନାମ,ਪਿੰਡ ਦਾ ਨਾਮ,கிராமத்தின்  பெயர்,గ్రామం పేరు
language_prompt,What languages do you know and what is your proficiency?,আপুনি কি কি ভাষা জানে আৰু আপোনাৰ দক্ষতা কʼত ?,আপনি কী কী ভাষা জানেন এবং আপনার দক্ষতা কতটা?,¿Qué idiomas sabe y cuál es su nivel de dominio?,તમે કઈ ભાષાઓ જાણો છો અને તમારી પ્રાવીણ્ય શું છે?,आप कौन सी भाषा जानते हैं और आपकी दक्षता क्या है?,ನಿಮಗೆ ಯಾವ ಭಾಷೆಗಳು ಗೊತ್ತು ಮತ್ತು ನಿಮ್ಮ ಪ್ರಾವೀಣ್ಯತೆ ಏನು?,"നിങ്ങൾക്ക് ഏതൊക്കെ ഭാഷകൾ അറിയാം, നിങ്ങളുടെ പ്രാവീണ്യം എന്താണ്?",तुम्हाला कोणत्या भाषा माहित आहेत आणि तुमची निपुणता काय आहे?,ଆପଣ କେଉଁ ଭାଷା ଜାଣନ୍ତି ଏବଂ ଆପଣଙ୍କ ଦକ୍ଷତା କ'ଣ?,ਤੁਸੀਂ ਕਿਹੜੀਆਂ ਭਾਸ਼ਾਵਾਂ ਜਾਣਦੇ ਹੋ ਅਤੇ ਤੁਹਾਡੀ ਮੁਹਾਰਤ ਕੀ ਹੈ?,"உங்களுக்கு என்ன மொழிகள் தெரியும், உங்கள் திறமை என்ன?",మీకు ఏ భాషలు తెలుసు మరియు మీ ప్రావీణ్యం ఏమిటి?
yob_prompt,Age (year of birth),বয়স (জন্মৰ বছৰ),বয়স (জন্ম সাল),Edad (año de nacimiento),ઉંમર (જન્મ વર્ષ),आयु (जन्म का वर्ष),ವಯಸ್ಸು (ಹುಟ್ಟಿದ ವರ್ಷ),പ്രായം (ജനന വർഷം),वय (जन्म वर्ष),ବୟସ (ଜନ୍ମର ବର୍ଷ),ਉਮਰ (ਜਨਮ ਦਾ ਸਾਲ),வயது (பிறந்த ஆண்டு),వయస్సు (పుట్టిన సంవత్సరం)
marital_status_prompt,Marital Status,বৈবাহিক স্থিতি,বৈবাহিক অবস্থা,Estado civil,વૈવાહિક સ્થિતિ,वैवाहिक स्थिति,ವೈವಾಹಿಕ ಸ್ಥಿತಿ,വൈവാഹിക നില,वैवाहिक स्थिती,ବୈବାହିକ ସ୍ଥିତି,ਵਿਵਾਹਿਕ ਦਰਜਾ,திருமண நிலை,వైవాహిక స్థితి
family_strength_prompt,How many people live in your household,আপোনাৰ ঘৰত কিমান জন লোক বাস কৰে,আপনার পরিবারে কত জন সদস্য বসবাস করেন,¿Cuántas personas viven en su hogar?,તમારા ઘરમાં કેટલા લોકો રહે છે?,आपके घर में कितने लोग रहते हैं?,ನಿಮ್ಮ ಮನೆಯಲ್ಲಿ ಎಷ್ಟು ಜನರು ವಾಸಿಸುತ್ತಿದ್ದಾರೆ,നിങ്ങളുടെ വീട്ടിൽ എത്ര ആളുകൾ താമസിക്കുന്നു,तुमच्या घरात किती लोक राहतात,ଆପଣଙ୍କ ଘରେ କେତେ ଲୋକ ରୁହନ୍ତି?,ਤੁਹਾਡੇ ਘਰ ਵਿੱਚ ਕਿੰਨੇ ਲੋਕ ਰਹਿੰਦੇ ਹਨ?,உங்கள் வீட்டில் எத்தனை பேர் வசிக்கிறார்கள்,మీ ఇంట్లో ఎంత మంది నివసిస్తున్నారు
education_prompt,Highest education level,সৰ্বোচ্চ শিক্ষাৰ স্তৰ,সর্বোচ্চ শিক্ষাগত যোগ্যতা,Nivel de educación más alta,ઉચ્ચતમ શિક્ષણ સ્તર,उच्चतम शिक्षा स्तर,ಅತ್ಯುನ್ನತ ಶಿಕ್ಷಣ ಮಟ್ಟ,ഉയർന്ന വിദ്യാഭ്യാസ നിലവാരം,उच्च शिक्षण पातळी,ଉଚ୍ଚ ଶିକ୍ଷା ସ୍ତର ।,ਉੱਚ ਸਿੱਖਿਆ ਪੱਧਰ,உயர் கல்வி நிலை,ఉన్నత విద్య స్థాయి
annual_household_income_prompt,Annual household income,বাৰ্ষিক ঘৰুৱা উপাৰ্জন,বার্ষিক পারিবারিক আয়,Ingreso anual del Hogar,ઘરની વાર્ષિક આવક,वार्षिक घरेलू आय,ವಾರ್ಷಿಕ ಗೃಹ ಆದಾಯ,കുടുംബ വാർഷിക വരുമാനം,वार्षिक घरगुती उत्पन्न,ବାର୍ଷିକ ପାରିବାରିକ ଆୟ,ਸਾਲਾਨਾ ਘਰੇਲੂ ਆਮਦਨ,வருடாந்திர வீட்டு வருமானம்,వార్షిక గృహ ఆదాయం
annual_personal_income_current_year_prompt,Annual personal income (current year),বাৰ্ষিক ব্যক্তিগত উপাৰ্জন (চলিত বৰ্ষ),বার্ষিক ব্যক্তিগত আয় (চলতি বছরের),Ingreso personal anual (año en curso),વાર્ષિક વ્યક્તિગત આવક (ચાલુ વર્ષ),वार्षिक व्यक्तिगत आय (चालू वर्ष),ವಾರ್ಷಿಕ ವೈಯಕ್ತಿಕ ಆದಾಯ (ಪ್ರಸ್ತುತ ವರ್ಷ),വാർഷിക വ്യക്തിഗത വരുമാനം (നിലവിലെ വർഷം),वार्षिक वैयक्तिक उत्पन्न (चालू वर्ष),ବାର୍ଷିକ ବ୍ୟକ୍ତିଗତ ଆୟ (ଚାଳିତ ବର୍ଷ),ਸਾਲਾਨਾ ਨਿੱਜੀ ਆਮਦਨ (ਮੌਜੂਦਾ ਸਾਲ),தனிநபர் ஆண்டு வருமானம் (தற்போதைய ஆண்டு),వార్షిక వ్యక్తిగత ఆదాయం (ప్రస్తుత సంవత్సరం)
annual_personal_income_past_year_prompt,Annual personal income (past year),বাৰ্ষিক ব্যক্তিগত উপাৰ্জন (যোৱা বছৰ),বার্ষিক ব্যক্তিগত আয় (গত বছরের),Ingresos personales anuales (año pasado),વાર્ષિક વ્યક્તિગત આવક (ગત વર્ષ),वार्षिक व्यक्तिगत आय (पिछले वर्ष),ವಾರ್ಷಿಕ ವೈಯಕ್ತಿಕ ಆದಾಯ (ಕಳೆದ ವರ್ಷ),വാർഷിക വ്യക്തിഗത വരുമാനം (കഴിഞ്ഞ വർഷം),वार्षिक वैयक्तिक उत्पन्न (मागील वर्षी),ବାର୍ଷିକ ବ୍ୟକ୍ତିଗତ ଆୟ (ଗତ ବର୍ଷ),ਸਾਲਾਨਾ ਨਿੱਜੀ ਆਮਦਨ (ਪਿਛਲੇ ਸਾਲ),தனிநபர் ஆண்டு வருமானம் (கடந்த ஆண்டு),వార్షిక వ్యక్తిగత ఆదాయం (గత సంవత్సరం)
employment_status_prompt,What is your employment status,আপোনাৰ নিযুক্তিৰ স্থিতি কি ?,আপনার কর্মজীবনের পরিস্থিতি কী,¿Cuál es su estatus laboral?,તમારી રોજગાર સ્થિતિ શું છે?,आपके रोजगार की स्थिति क्या है?,ನಿಮ್ಮ ಉದ್ಯೋಗದ ಸ್ಥಿತಿ ಏನು,നിങ്ങളുടെ തൊഴിൽ നില എന്താണ്,तुमची रोजगार स्थिती काय आहे,ଆପଣଙ୍କ ନିୟୁକ୍ତିର ସ୍ଥିତି କ'ଣ?,ਤੁਹਾਡੀ ਰੁਜ਼ਗਾਰ ਸਥਿਤੀ ਕੀ ਹੈ?,உங்கள் வேலை நிலை என்ன,మీ ఉద్యోగ స్థితి ఏమిటి
income_source_prompt,What is your main source of income?,আপোনাৰ উপাৰ্জনৰ মুখ্য উৎস কি?,আপনার উপার্জনের প্রধান উৎস কী?,¿Cuál es su fuente principal de ingresos?,તમારી આવકનો મુખ્ય સ્ત્રોત શું છે?,आपकी आय का मुख्य स्रोत क्या है?,ನಿಮ್ಮ ಮುಖ್ಯ ಆದಾಯದ ಮೂಲ ಯಾವುದು?,നിങ്ങളുടെ പ്രധാന വരുമാന സ്രോതസ്സ് എന്താണ്?,तुमच्या उत्पन्नाचा मुख्य स्त्रोत कोणता आहे?,ଆପଣଙ୍କ ଆୟର ମୁଖ୍ୟ ଉତ୍ସ କ'ଣ?,ਤੁਹਾਡੀ ਆਮਦਨੀ ਦਾ ਮੁੱਖ ਸਰੋਤ ਕੀ ਹੈ?,உங்கள் முக்கிய வருமான ஆதாரம் என்ன?,మీ ప్రధాన ఆదాయ వనరు ఏమిటి?
working_months_prompt,"On average, how many months in a year do you work?","গড় হিচাপত, আপুনি বছৰত কিমান মাহ কাম কৰে?",গড়পড়তায় আপনি এক বছরে কত মাস কাজ করেন?,¿En promedio cuantos meses al año trabaja?,"સરેરાશ, તમે વર્ષમાં કેટલા મહિના કામ કરો છો?",आप साल में औसतन कितने महीने काम करते हैं?,"ಸರಾಸರಿಯಾಗಿ, ನೀವು ವರ್ಷದಲ್ಲಿ ಎಷ್ಟು ತಿಂಗಳು ಕೆಲಸ ಮಾಡುತ್ತೀರಿ?",ഒരു വർഷത്തിൽ ശരാശരി എത്ര മാസം നിങ്ങൾ ജോലി ചെയ്യുന്നു?,तुम्ही एका वर्षात सरासरी किती महिने काम करता?,ଗୋଟିଏ ବର୍ଷରେ ହାରାହାରି କେତେ ମାସ କାମ କରନ୍ତି?,ਤੁਸੀਂ ਇੱਕ ਸਾਲ ਵਿੱਚ ਔਸਤਨ ਕਿੰਨੇ ਮਹੀਨੇ ਕੰਮ ਕਰਦੇ ਹੋ?,"சராசரியாக, ஒரு வருடத்தில் எத்தனை மாதங்கள் வேலை செய்கிறீர்கள்?","సగటున, మీరు సంవత్సరంలో ఎన్ని నెలలు పని చేస్తారు?"
is_personal_phone_prompt,Is this your personal phone?,এইটো আপোনাৰ ব্যক্তিগত ফোন নেকি?,এটা কি আপনার ব্যক্তিগত ফোন?,¿Es este su teléfono personal?,શું આ તમારો અંગત ફોન છે?,क्या यह आपका निजी फ़ोन है?,ಇದು ನಿಮ್ಮ ವೈಯಕ್ತಿಕ ಫೋನ್ ಆಗಿದೆಯೇ?,ഇത് നിങ്ങളുടെ സ്വകാര്യ ഫോൺ ആണോ?,हा तुमचा वैयक्तिक फोन आहे का?,ଏହା କଣ ଆପଣଙ୍କ ବ୍ୟକ୍ତିଗତ ଫୋନ୍?,ਕੀ ਇਹ ਤੁਹਾਡਾ ਨਿੱਜੀ ਫ਼ੋਨ ਹੈ?,இது உங்கள் தனிப்பட்ட தொலைபேசியா?,ఇది మీ వ్యక్తిగత ఫోనా?
phone_shared_with_prompt,If no: who do you share your phone with?,যদি নহয়: আপুনি আপোনাৰ ফোনটো কাৰ সৈতে শ্বেয়াৰ কৰে?,যদি না হয়: আপনি আপনার ফোন কার সাথে শেয়ার করেন?,Si no: ¿con quién comparte su teléfono?,જો ના: તમે તમારો ફોન કોની સાથે શેર કરો છો?,"यदि नहीं, तो आप अपना फ़ोन किसके साथ साझा करेंगे?",ಇಲ್ಲದಿದ್ದರೆ: ನಿಮ್ಮ ಫೋನ್ ಅನ್ನು ನೀವು ಯಾರೊಂದಿಗೆ ಹಂಚಿಕೊಳ್ಳುತ್ತೀರಿ?,ഇല്ലെങ്കിൽ: നിങ്ങളുടെ ഫോൺ ആരുമായി പങ്കിടുന്നു?,जर नाही: तुम्ही तुमचा फोन कोणासोबत शेअर करता?,ଯଦି ନ ଥାଏ: ଆପଣ କାହା ସହ ଫୋନ୍ ସେୟାର୍ କରୁଛନ୍ତି?,"ਜੇਕਰ ਨਹੀਂ,ਤਾਂ ਤੁਸੀਂ ਆਪਣਾ ਫ਼ੋਨ ਕਿਸ ਨਾਲ ਸਾਂਝਾ ਕਰਦੇ ਹੋ?",இல்லை என்றால்: உங்கள் மொபைலை யாருடன் பகிர்கிறீர்கள்?,కాకపొతే; మీరు మీ ఫోన్‌ని ఎవరితో పంచుకుంటారు?
comfort_in_using_phone_prompt,How comfortable do you feel using your phone?,আপোনাৰ ফোন ব্যৱহাৰ কৰি আপুনি কিমান সুবিধাজনক অনুভৱ কৰে?,আপনি আপনার ফোনটি ব্যবহার করে কতটা স্বাচ্ছন্দ্য বোধ করেন?,¿Qué tan cómodo se siente usando tu teléfono?,તમે તમારા ફોનનો ઉપયોગ કેટલો આરામદાયક અનુભવો છો?,आप अपने फ़ोन का उपयोग करने में कितना सहज महसूस करते हैं?,ನಿಮ್ಮ ಫೋನ್ ಅನ್ನು ಬಳಸುವಾಗ ನಿಮಗೆ ಎಷ್ಟು ಆರಾಮದಾಯಕವಾಗಿದೆ?,നിങ്ങളുടെ ഫോൺ ഉപയോഗിക്കുന്നത് നിങ്ങൾക്ക് എത്രത്തോളം സുഖകരമാണ്?,तुमचा फोन वापरताना तुम्हाला कितपत आरामदायक वाटते?,ଆପଣ ଫୋନ୍ ବ୍ୟବହାର କରି କେତେ ଆରାମ ଅନୁଭବ କରୁଛନ୍ତି?,ਤੁਸੀਂ ਆਪਣਾ ਫ਼ੋਨ ਵਰਤਣਾ ਕਿੰਨਾ ਆਰਾਮਦਾਇਕ ਮਹਿਸੂਸ ਕਰਦੇ ਹੋ?,உங்கள் மொபைலைப் பயன்படுத்துவது எவ்வளவு வசதியாக இருக்கிறது?,మీ ఫోన్‌ని ఉపయోగించడం మీకు ఎంత సౌకర్యంగా ఉంది?
typical_phone_usage_prompt,What do you typically use your phone for? (check all that apply),আপুনি সাধাৰণতে আপোনাৰ ফোনটো কিহৰ বাবে ব্যৱহাৰ কৰে? (প্ৰযোজ্য সকলোবোৰ চয়ন কৰক),সাধারণত আপনি আপনার ফোনটি কীসের জন্য ব্যাবহার করে থাকেন? (প্রযোজ্য গুলিতে টিক মারুন),¿Para qué usa normalmente su teléfono? (marque todo lo que corresponda),તમે સામાન્ય રીતે તમારા ફોનનો ઉપયોગ શેના માટે કરો છો? (જે લાગુ પડે છે તે બધું તપાસો),आप आमतौर पर अपने फ़ोन का क्या उपयोग करते हैं?(लागू होने वाले सभी को जाँचे),ನಿಮ್ಮ ಫೋನ್ ಅನ್ನು ನೀವು ಸಾಮಾನ್ಯವಾಗಿ ಯಾವುದಕ್ಕಾಗಿ ಬಳಸುತ್ತೀರಿ? (ಅನ್ವಯವಾಗುವ ಎಲ್ಲವನ್ನೂ ಪರಿಶೀಲಿಸಿ),നിങ്ങൾ സാധാരണയായി നിങ്ങളുടെ ഫോൺ എന്തിനാണ് ഉപയോഗിക്കുന്നത്? (ബാധകമായതെല്ലാം പരിശോധിക്കുക),तुम्ही तुमचा फोन सहसा कशासाठी वापरता? (लागू असलेल्या सर्व गोष्टी तपासा),"ସାଧାରଣତଃ ଆପଣ କଣ ପାଇଁ ଫୋନ୍ ବ୍ୟବହାର କରନ୍ତି? (ଯେଉଁସବୁ ଆବେଦନ କରାୟାଇଛି, ସେଗୁଡ଼ିକୁ ଯାଞ୍ଚ କରନ୍ତୁ)",ਤੁਸੀਂ ਆਮ ਤੌਰ 'ਤੇ ਆਪਣੇ ਫ਼ੋਨ ਦੀ ਵਰਤੋਂ ਕਿਸ ਲਈ ਕਰਦੇ ਹੋ? (ਲਾਗੂ ਹੋਣ ਵਾਲੇ ਸਭ ਦੀ ਜਾਂਚ ਕਰੋ),உங்கள் மொபைலை எதற்காகப் பயன்படுத்துகிறீர்கள்? (பொருந்தும் அனைத்தையும் சரிபார்க்கவும்),మీరు సాధారణంగా మీ ఫోన్‌ని దేనికి ఉపయోగిస్తున్నారు? (వర్తించే అన్నింటినీ ఎంచుకోండి)
first_time_with_karya_prompt,Is this your first time working with Karya?,এইটো আপুনি প্ৰথম বাৰৰ বাবে কাৰ্যাৰ সৈতে কাম কৰি আছে নেকি?,আপনি কি কারিয়া এর সাথে এই প্রথম  কাজ করছেন?,¿Es esta la primera vez que usted trabaja con Karya?,તમે કાર્યા સાથે પ્રથમ વખત કામ કરો છો?,क्या आप कार्या के साथ पहली बार काम कर रहे हैं?,ನೀವು ಕಾರ್ಯಾ ಅವರೊಂದಿಗೆ ಕೆಲಸ ಮಾಡುವುದು ಇದು ಮೊದಲ ಬಾರಿಯೇ?,ഇതാദ്യമായാണോ കാര്യയുടെ കൂടെ ജോലി ചെയ്യുന്നത്?,कार्यासोबत काम करण्याची ही तुमची पहिलीच वेळ आहे का?,ପ୍ରଥମ ଥର ପାଇଁ କାର୍ଯ୍ୟ।ସହ କାମ କରୁଛନ୍ତି କି?,ਕੀ ਇਹ ਤੁਹਾਡੀ ਪਹਿਲੀ ਵਾਰ ਕਰਿਆ ਨਾਲ ਕੰਮ ਕਰ ਰਹੀ ਹੈ,கார்யாவுடன் பணிபுரிவது இதுவே முதல் முறையா?,మీరు కార్యాతో కలిసి పనిచేయడం ఇదే మొదటిసారా?
no_of_past_projects_prompt,If no: how many past projects have you done with Karya?,যদি নহয়: আপুনি কাৰ্যাৰ সৈতে অতীতত কিমানটা প্ৰকল্পত কাম কৰিছে?,যদি না হয়: আপনি কারিয়া এর সাথে পূর্বে কতগুলি প্রজেক্ট করেছেন?,Si no: ¿cuántos proyectos anteriores ha realizado con Karya?,જો ના: તમે કાર્યા સાથે ભૂતકાળમાં કેટલા પ્રોજેક્ટ કર્યા છે?,"यदि नहीं, तो आपने कार्या के साथ पिछले कितने प्रोजेक्ट पर काम किया है?",ಇಲ್ಲದಿದ್ದರೆ: ಕಾರ್ಯದೊಂದಿಗೆ ನೀವು ಎಷ್ಟು ಹಿಂದಿನ ಯೋಜನೆಗಳನ್ನು ಮಾಡಿದ್ದೀರಿ?,ഇല്ലെങ്കിൽ: കാര്യയുമായി നിങ്ങൾ എത്ര മുൻകാല പ്രോജക്ടുകൾ ചെയ്തിട്ടുണ്ട്?,जर नाही: तुम्ही कार्यासोबत मागील किती प्रकल्प केले आहेत?,ଯଦି ନ ଥାଏ: 'କରିଆ' ସହ ଅତୀତରେ କେତେ ପ୍ରକଳ୍ପ କରିଛନ୍ତି?,"ਜੇਕਰ ਨਹੀਂ, ਤਾਂ ਤੁਸੀਂ ਕਰਿਆ ਨਾਲ ਪਿਛਲੇ ਕਿੰਨੇ ਪ੍ਰੋਜੈਕਟ ਕੀਤੇ ਹਨ?",இல்லை என்றால்: கரியாவுடன் நீங்கள் எத்தனை கடந்தகால திட்டங்களைச் செய்திருக்கிறீர்கள்?,కాకపోతే: మీరు కార్యతో గతంలో ఎన్ని ప్రాజెక్ట్‌లు చేసారు?
excitement_for_work_prompt,Are you excited about starting work?,আপুনি কাম আৰম্ভ কৰাৰ বাবে উৎসাহিত নেকি?,আপনি কি কাজ শুরু করার বিষয়ে উৎসাহিত?,¿Está emocionado de empezar a trabajar?,શું તમે કામ શરૂ કરવા માટે ઉત્સાહિત છો?,क्या आप काम शुरू करने को लेकर उत्साहित हैं?,ಕೆಲಸವನ್ನು ಪ್ರಾರಂಭಿಸಲು ನೀವು ಉತ್ಸುಕರಾಗಿದ್ದೀರಾ?,ജോലി ആരംഭിക്കുന്നതിൽ നിങ്ങൾ ആവേശത്തിലാണോ?,तुम्ही काम सुरू करण्यास उत्सुक आहात का?,କାମ ଆରମ୍ଭ କରିବାକୁ ନେଇ ଉତ୍ସାହିତ ଅଛନ୍ତି କି?,ਕੀ ਤੁਸੀਂ ਕੰਮ ਸ਼ੁਰੂ ਕਰਨ ਬਾਰੇ ਉਤਸ਼ਾਹਿਤ ਹੋ?,வேலையைத் தொடங்குவதில் உற்சாகமாக இருக்கிறீர்களா?,మీరు పని ప్రారంభించడం పట్ల ఉత్సాహంగా ఉన్నారా?
thanking_prompt,Thank you for completing this registration form! We would like to offer you INR 5 for your time. To claim your money please enter your banking details on the next page. Do you consent to sharing your banking information to DAIA Tech Pvt. Ltd?,এই পঞ্জীয়ন প্ৰ-পত্ৰ পূৰণ কৰাৰ বাবে ধন্যবাদ! আমি আপোনাক আপোনাৰ সময়ৰ বাবে ৫ টকা ধনৰাশী আগবঢ়াব বিচাৰোঁ। আপোনাৰ ধন গ্ৰহণ কৰিবলৈ অনুগ্ৰহ কৰি পৰৱৰ্তী পৃষ্ঠাত আপোনাৰ বেংকৰ বিৱৰণ প্ৰৱেশ কৰক। আপুনি আপোনাৰ বেংকৰ তথ্য DAIA Tech Pvt. Ltd সৈতে শ্বেয়াৰ কৰিবলৈ সন্মতি দিয়ে নেকি?,এই রেজিস্ট্রেশন ফর্ম পূরণ করার জন্য আপনাকে ধন্যবাদ! আপনি আপনার সময় দেওয়ার জন্য আমরা আপনকে INR ৫ টাকা প্রদান করতে চাই।আপনার টাকাটি সংগ্রহ করার জন্য অনুগ্রহ করে পরবর্তী পৃষ্ঠায় আপনার ব্যাংক এর তথ্য প্রদান করুন।আপনি কি আপনার ব্যাঙ্কিং তথ্য DAIA Tech Pvt. Ltd এর সাথে শেয়ার করার অনুমতি দিচ্ছেন?,"¡Gracias por completar este formulario de registro! Nos gustaría ofrecerle INR 5 por su tiempo. Para reclamar su dinero, ingrese sus datos bancarios en la página siguiente. ¿Da su consentimiento para compartir su información bancaria con DAIA Tech Pvt. Ltd.? ",આ રજીસ્ટ્રેશન ફોર્મ ભરવા બદલ આભાર! અમે તમને તમારા સમય માટે INR 5 આપવા માંગીએ છીએ. તમારા પૈસા મેળવવા માટે કૃપા કરીને આગલા પૃષ્ઠ પર તમારી બેંકિંગ વિગતો દાખલ કરો. શું તમે તમારી બેંકિંગ માહિતી DAIA Tech Pvt. Ltd ને શેર કરવા માટે સંમતિ આપો છો?,इस पंजीकरण फॉर्म को पूरा करने के लिए धन्यवाद! हम आपके समय के लिए आपको ५ रुपये की पेशकश करना चाहेंगे। अपने पैसे का दावा करने के लिए कृपया अगले पृष्ठ पर अपना बैंकिंग विवरण दर्ज करें। क्या आप अपनी बैंकिंग जानकारी DAIA Tech Pvt. Ltd के साथ साझा करने के लिए सहमत हैं?,ಈ ನೋಂದಣಿ ಫಾರ್ಮ್ ಅನ್ನು ಪೂರ್ಣಗೊಳಿಸಿದ್ದಕ್ಕಾಗಿ ಧನ್ಯವಾದಗಳು! ನಿಮ್ಮ ಸಮಯಕ್ಕಾಗಿ ನಾವು ನಿಮಗೆ  ಐದು ರೂಪೈಯನ್ನು  ನೀಡಲು ಬಯಸುತ್ತೇವೆ. ನಿಮ್ಮ ಹಣವನ್ನು ಕ್ಲೈಮ್ ಮಾಡಲು ದಯವಿಟ್ಟು ಮುಂದಿನ ಪುಟದಲ್ಲಿ ನಿಮ್ಮ ಬ್ಯಾಂಕಿಂಗ್ ವಿವರಗಳನ್ನು ನಮೂದಿಸಿ. ನಿಮ್ಮ ಬ್ಯಾಂಕಿಂಗ್ ಮಾಹಿತಿಯನ್ನು DAIA Tech Pvt ltd ಗೆ ಹಂಚಿಕೊಳ್ಳಲು ನೀವು ಸಮ್ಮತಿಸುತ್ತೀರಾ.?,ഈ രജിസ്ട്രേഷൻ ഫോം പൂരിപ്പിച്ചതിന് നന്ദി! നിങ്ങളുടെ സമയത്തിന് നിങ്ങൾക്ക് 5 രൂപ വാഗ്ദാനം ചെയ്യാൻ ഞങ്ങൾ ആഗ്രഹിക്കുന്നു. നിങ്ങളുടെ പണം ക്ലെയിം ചെയ്യുന്നതിന് അടുത്ത പേജിൽ നിങ്ങളുടെ ബാങ്കിംഗ് വിശദാംശങ്ങൾ നൽകുക. DAIA Tech Pvt. Ltd-യുമായി നിങ്ങളുടെ ബാങ്കിംഗ് വിവരങ്ങൾ പങ്കിടുന്നതിന് നിങ്ങൾ സമ്മതിക്കുന്നുണ്ടോ?,हा नोंदणी फॉर्म पूर्ण केल्याबद्दल धन्यवाद! आम्ही तुम्हाला तुमच्या वेळेसाठी ५ रुपये देऊ इच्छितो. तुमच्या पैशांचा दावा करण्यासाठी कृपया पुढील पृष्ठावर तुमचे बँकिंग तपशील प्रविष्ट करा. तुमची बँकेची माहिती DAIA Tech Pvt. Ltd ला शेअर करण्यास तुम्ही संमती देत आहात का?,ଏହି ପଞ୍ଜିକରଣ ଫର୍ମ ପୂରଣ କରିଥିବାରୁ ଧନ୍ୟବାଦ! ଆମେ ଆପଣଙ୍କୁ ଆପଣଙ୍କ ସମୟ ପାଇଁ 5 ଟଙ୍କାର ଅଫର ଦେବାକୁ ଚାହୁଁଛୁ। ନିଜର ଟଙ୍କା ଦାବି କରିବା ପାଇଁ ଦୟାକରି ପରବର୍ତ୍ତୀ ପୃଷ୍ଠାରେ ନିଜର ବ୍ୟାଙ୍କିଙ୍ଗ୍ ବିବରଣୀ ଦିଅନ୍ତୁ। ଆପଣ ଆପଣଙ୍କର ବ୍ୟାଙ୍କିଙ୍ଗ୍ ସୂଚନା DAIA Tech Pvt. Ltd. କୁ ବାଣ୍ଟିବା ପାଇଁ ସମ୍ମତି ଦେଉଛନ୍ତି କି?,ਇਸ ਰਜਿਸਟ੍ਰੇਸ਼ਨ ਫਾਰਮ ਨੂੰ ਭਰਨ ਲਈ ਤੁਹਾਡਾ ਧੰਨਵਾਦ! ਅਸੀਂ ਤੁਹਾਨੂੰ ਤੁਹਾਡੇ ਸਮੇਂ ਲਈ INR 5 ਦੀ ਪੇਸ਼ਕਸ਼ ਕਰਨਾ ਚਾਹੁੰਦੇ ਹਾਂ। ਆਪਣੇ ਪੈਸੇ ਦਾ ਦਾਅਵਾ ਕਰਨ ਲਈ ਕਿਰਪਾ ਕਰਕੇ ਅਗਲੇ ਪੰਨੇ 'ਤੇ ਆਪਣੇ ਬੈਂਕਿੰਗ ਵੇਰਵੇ ਦਰਜ ਕਰੋ। ਕੀ ਤੁਸੀਂ ਡੀ.ਏ.ਆਈ.ਏ ਟੈਕ ਪ੍ਰਾਈਵੇਟ ਲਿਮਿਟੇਡ ਨੂੰ ਆਪਣੀ ਬੈਂਕਿੰਗ ਜਾਣਕਾਰੀ ਸਾਂਝੀ ਕਰਨ ਲਈ ਸਹਿਮਤੀ ਦਿੰਦੇ ਹੋ?,"இந்த பதிவு படிவத்தை பூர்த்தி செய்ததற்கு நன்றி! உங்கள் நேரத்திற்கு 5 ரூபாய் வழங்க விரும்புகிறோம். உங்கள் பணத்தைப் பெற, உங்கள் வங்கி விவரங்களை அடுத்த பக்கத்தில் உள்ளிடவும். உங்கள் வங்கித் தகவலை DAIA Tech Pvt. Ltd நிறுவனத்துடன் பகிர்ந்து கொள்ள சம்மதிக்கிறீர்களா?",ఈ నమోదు పత్రాన్ని పూర్తి చేసినందుకు ధన్యవాదాలు! మేము మీ సమయానికి 5 రూపాయలను  అందించాలనుకుంటున్నాము. మీ డబ్బును పొందడానికి దయచేసి తదుపరి పేజీలో మీ బ్యాంకింగ్ వివరాలను నమోదు చేయండి. మీ బ్యాంకింగ్ సమాచారాన్ని DAIA Tech Pvt ltd కు పంచుకోడానికి మీరు సమ్మతిస్తున్నారా?
bank_account_name_prompt,Bank Account Name,বেংক খাতা নাম,ব্যাংক একাউন্টের নাম,Nombre de la cuenta bancaria,બેંક એકાઉન્ટ નામ,बैंक खाता नाम,ಬ್ಯಾಂಕ್ ಖಾತೆ ಹೆಸರು,ബാങ്ക് അക്കൗണ്ടിന്റെ പേര്,बँक खात्याचे नाव,ବ୍ୟାଙ୍କ ଖାତାର ନାମ,ਬੈਂਕ ਖਾਤੇ ਦਾ ਨਾਮ,வங்கி கணக்கு பெயர்,బ్యాంక్ ఖాతా పేరు
bank_account_number_prompt,Bank Account Number,বেংক খাতা নম্বৰ,ব্যাংক একাউন্টের নম্বর,Número de cuenta bancaria,બેંક એકાઉન્ટ નંબર,बैंक खाता संख्या,ಬ್ಯಾಂಕ್ ಖಾತೆ ಸಂಖ್ಯೆ,ബാങ്ക് അക്കൗണ്ട് നമ്പർ,बँक खाते क्रमांक,ବ୍ୟାଙ୍କ ଆକାଉଣ୍ଟ ନମ୍ବର,ਬੈਂਕ ਖਾਤਾ ਨੰਬਰ,வங்கி கணக்கு எண்,బ్యాంకు ఖాతా సంఖ్య
bank_name_prompt,Bank Name,বেংকৰ নাম,ব্যাংকের নাম,Nombre del banco,બેંકનું નામ,बैंक का नाम,ಬ್ಯಾಂಕ್ ಹೆಸರು,ബാങ്കിന്റെ പേര്,बँकेचे नाव,ବ୍ୟାଙ୍କ ଆକାଉଣ୍ଟ ।,ਬੈਂਕ ਦਾ ਨਾਮ,வங்கி பெயர்,బ్యాంక్ పేరు
bank_branch_name_prompt,Bank Branch Name,বেংক শাখাৰ নাম,ব্যাংকের শাখার নাম,Nombre de la sucursal bancaria,બેંકના બ્રાન્ચનું નામ,बैंक शाखा का नाम,ಬ್ಯಾಂಕ್ ಶಾಖೆಯ ಹೆಸರು,ബാങ്ക് ശാഖയുടെ പേര്,बँकेच्या शाखेचे नाव,ବ୍ୟାଙ୍କ ଶାଖା ନାମ,ਬੈਂਕ ਸ਼ਾਖਾ ਦਾ ਨਾਮ,வங்கிக் கிளையின் பெயர்,బ్యాంక్ శాఖ పేరు
bank_branch_address_prompt,Bank Branch Address,বেংক শাখাৰ ঠিকনা,ব্যাংকের শাখার ঠিকানা,Dirección de la sucursal bancaria,બેંકના બ્રાન્ચનું સરનામું,बैंक शाखा का पता,ಬ್ಯಾಂಕ್ ಶಾಖೆಯ ವಿಳಾಸ,ബാങ്ക് ബ്രാഞ്ച് വിലാസം,बँक शाखेचा पत्ता,ବ୍ୟାଙ୍କ ଶାଖା ଠିକଣା,ਬੈਂਕ ਸ਼ਾਖਾ ਦਾ ਪਤਾ,வங்கி கிளை முகவரி,బ్యాంక్ శాఖ చిరునామా
bank_ifsc_prompt,Bank IFSC Code,বেংক আইএফএছচি কোড,ব্যাংকের আইএফএসসি কোড,Código IFSC del banco,બેંક IFSC કોડ,बैंक IFSC कोड,ಬ್ಯಾಂಕ್ ಐ ಎಫ್ ಎಸ್ ಸಿ  ಕೋಡ್,ബാങ്ക് ഐഎഫ്എസ്സി കോഡ്,बँक IFSC कोड,ବ୍ୟାଙ୍କ ଆଇଏଫଏସସି କୋଡ୍,ਬੈਂਕ IFSC ਕੋਡ,வங்கி IFSC குறியீடு,బ్యాంక్ IFSC కోడ్
processing,Processing,প্ৰক্ৰিয়াকৰণ,প্রক্রিয়াকরণ চলছে,Procesando,પ્રક્રિયા થઇ રહી છે,प्रसंस्करण,ಸಂಸ್ಕರಣೆ,പ്രോസസ് ചെയുന്നു,प्रक्रिया करत आहे,ପ୍ରକ୍ରିୟାକରଣ,ਕਾਰਵਾਈ,செயலாக்கம்,ప్రాసెసింగ్
completed_on,Completed on %s,%s ত সম্পূৰ্ণ হৈছে,%s সম্পন্ন হয়েছে,Completado en %s,%s ના રોજ પૂર્ણ થયું,दिनांक: %s,%s ನಲ್ಲಿ ಪೂರ್ಣಗೊಂಡಿದೆ,%s-ൽ പൂർത്തിയായി,%s रोजी पूर्ण झाले,%s ରେ ସମାପ୍ତ ହୋଇଛି,ਪ੍ਰਤੀਸ਼ਤ 'ਤੇ ਪੂਰਾ ਕੀਤਾ,%s இல் முடிந்தது,%sలో పూర్తయింది
no_transactions_to_show,No transactions to show,দেখুৱাবলৈ কোনো ট্রানজেকশন নাই,দেখানোর মতো কোনো ট্রাঞ্জাকশন নেই,No hay transacciones para mostrar,બતાવવા માટે કોઈ વ્યવહારો નથી,दिखाने के लिए कोई लेनदेन नहीं,ತೋರಿಸಲು ಯಾವುದೇ ವಹಿವಾಟುಗಳಿಲ್ಲ,കാണിക്കാൻ ഇടപാടുകളൊന്നുമില്ല,दाखवण्यासाठी कोणतेही व्यवहार नाहीत,ଦେଖାଇବା ପାଇଁ କୌଣସି କାରବାର ନାହିଁ,ਦਿਖਾਉਣ ਲਈ ਕੋਈ ਲੈਣ-ਦੇਣ ਨਹੀਂ,காட்டுவதற்கு பரிவர்த்தனைகள் இல்லை,చూపించడానికి లావాదేవీలు లేవు
select_from_below_options,Select from options below,,,Seleccione entre las opciones siguientes,,,,,,,,,
show_all,Show All,,,Mostrar todos,,,,,,,,,
you_need_to_record_atleast,You need to record at least %d seconds,,,Necesita grabar al menos %d segundos,,,,,,,,,
max_recording_length_reached,Maximum recording length %d seconds reached. Recording stopped.,,,Se alcanzó la duración máxima de grabación %d segundos. La grabación se detuvo.,,,,,,,,,
reached_max_length,Reached maximum length for text.,,,Se alcanzó la longitud máxima del texto.,,,,,,,,,
you_need_to_type_alteast,You need to type atleast %d characters,,,Necesitas escribir al menos %d caracteres,,,,,,,,,
clip_rerecord_message,This audio is clipped. Please edit and re-record,,,Este audio está recortado. Por favor edite y vuelva a grabar,,,,,,,,,
empty_task_message,Tap the '+' button to add a project code,,,Toque el botón '+' para agregar un código de proyecto,,प्रोजेक्ट कोड जोड़ने के लिए + टैप करें,,,,,,,
male,Male,,,Masculino,,पुरुष,,,,,,,
female,Female,,,Femenina,,महिला,,,,,,,
transgender,Transgender,,,Transgénero,,ट्रांसजेंडर,,,,,,,
non_binary,Non binary / Non-Conforming,,,No binario / no conforme,,गैर द्विआधारी,,,,,,,
prefer_not_to_say,Prefer not to say,,,Prefiero no decirlo,,"""बताना नहीं चाहते """,,,,,,,
project,Project,,,Proyecto,,परियोजना,,,,,,,
yes,Yes,,,Si,,,,,,,,,
no,No,,,No,,,,,,,,,
good,Good,,,Bien,,,,,,,,,
bad,Bad,,,Mal,,,,,,,,,
type_here,Type here,,,Escriba aquí,,,,,,,,,
select_from_other,Select from other,,,Seleccionar de otro,,,,,,,,,
get_profile_task_message,Tap the sync button to get profile task.,,,,,,,,,,,,
click_to_download_tasks,Click to donwload tasks,,,,,,,,,,,,
